Workbook

Sheet SUM
B2: 1 | E2: 2 | H2: 3 | K2: 4 | N2: 5 | Q2: 6 | T2: 7 | W2: 8 | Z2: 9 | AC2: 10 | AF2: 11 | AI2: 12
B4: 6 | C4: ='06012025'!D$1 -> 125 | E4: 3 | F4: ='03022025'!$D$1 -> 61 | H4: 3 | I4: ='03032025'!$D$1 -> 112 | K4: 3 | L4: ='03042025'!$D$1 -> 155 | N4: 5 | O4: ='05052025'!$D$1 -> 122 | Q4: 2 | R4: ='02062025'!$D$1 -> 108 | T4: 3 | U4: ='03072025'!$D$1 -> 72 | W4: 4 | X4: ='04082025'!$D$1 -> 101 | Z4: 1 | AA4: ='01092025'!$D$1 -> 133 | AC4: 2 | AD4: ='2102025'!$D$1 -> 147 | AF4: 3 | AG4: ='3112025'!$D$1 -> 110 | AI4: 1
B5: 9 | C5: ='09012025'!D$1 -> 161 | E5: 6 | F5: ='06022025'!D$1 -> 82 | H5: 6 | I5: ='06032025'!$D$1 -> 159 | K5: 7 | L5: ='07042025'!$D$1 -> 81 | N5: 8 | O5: ='08052025'!$D$1 -> 130 | Q5: 5 | R5: ='05062025'!$D$1 -> 145 | T5: 7 | U5: ='07072025'!$D$1 -> 109 | W5: 7 | X5: ='07082025'!$D$1 -> 94 | Z5: 4 | AA5: ='04092025'!$D$1 -> 117 | AC5: 6 | AD5: ='6102025'!$D$1 -> 104 | AF5: 6 | AG5: ='6112025'!$D$1 -> 139 | AI5: 4
B6: 13 | C6: ='13012025'!D$1 -> 95 | E6: 10 | F6: ='10022025'!D$1 -> 80 | H6: 10 | I6: ='10032025'!$D$1 -> 74 | K6: 10 | L6: ='10042025'!$D$1 -> 95 | N6: 12 | O6: ='12052025'!$D$1 -> 91 | Q6: 9 | R6: ='09062025'!$D$1 -> 62 | T6: 10 | U6: ='10072025'!$D$1 -> 129 | W6: 11 | X6: ='11082025'!$D$1 -> 82 | Z6: 8 | AA6: ='08092025'!$D$1 -> 120 | AC6: 9 | AD6: ='9102025'!$D$1 -> 133 | AF6: 10 | AG6: ='10112025'!$D$1 -> 0 | AI6: 8
B7: 16 | C7: ='16012025'!D$1 -> 102 | E7: 13 | F7: ='03022025'!D$1 -> 61 | H7: 13 | I7: ='13032025'!$D$1 -> 96 | K7: 17 | L7: ='17042025'!$D$1 -> 121 | N7: 15 | O7: ='15052025'!$D$1 -> 105 | Q7: 12 | R7: ='12062025'!$D$1 -> 93 | T7: 14 | U7: ='14072025'!$D$1 -> 103 | W7: 14 | X7: ='14082025'!$D$1 -> 80 | Z7: 11 | AA7: ='11092025'!$D$1 -> 84 | AC7: 13 | AD7: ='13102025'!$D$1 -> 105 | AF7: 13 | AG7: ='13112025'!$D$1 -> 0 | AI7: 11
B8: 20 | C8: ='20012025'!D$1 -> 79 | E8: 17 | F8: ='17022025'!D$1 -> 85 | H8: 17 | I8: ='17032025'!$D$1 -> 59 | K8: 21 | L8: ='21042025'!$D$1 -> 119 | N8: 19 | O8: ='19052025'!$D$1 -> 73 | Q8: 16 | R8: ='16062025'!$D$1 -> 74 | T8: 17 | U8: ='17072025'!$D$1 -> 117 | W8: 18 | X8: ='18082025'!$D$1 -> 96 | Z8: 15 | AA8: ='15092025'!$D$1 -> 85 | AC8: 16 | AD8: ='16102025'!$D$1 -> 76 | AF8: 17 | AG8: ='17112025'!$D$1 -> 0 | AI8: 15
B9: 23 | C9: ='23012025'!D$1 -> 92 | E9: 20 | F9: ='20022025'!D$1 -> 92 | H9: 20 | I9: ='20032025'!$D$1 -> 98 | K9: 24 | L9: ='24042025'!$D$1 -> 106 | N9: 22 | O9: ='22052025'!$D$1 -> 106 | Q9: 19 | R9: ='19062025'!$D$1 -> 95 | T9: 21 | U9: ='21072025'!$D$1 -> 92 | W9: 21 | X9: ='21082025'!$D$1 -> 66 | Z9: 17 | AA9: ='17092025'!$D$1 -> 2 | AC9: 20 | AD9: ='20102025'!$D$1 -> 132 | AF9: 20 | AG9: ='20112025'!$D$1 -> 0 | AI9: 18
B10: 27 | C10: ='27012025'!D$1 -> 72 | E10: 24 | F10: ='24022025'!D$1 -> 58 | H10: 24 | I10: ='24032025'!$D$1 -> 119 | K10: 28 | L10: ='28042025'!$D$1 -> 140 | N10: 26 | O10: ='26052025'!$D$1 -> 87 | Q10: 23 | R10: ='23062025'!$D$1 -> 116 | T10: 24 | U10: ='24072025'!$D$1 -> 65 | W10: 25 | X10: ='25082025'!$D$1 -> 92 | Z10: 22 | AA10: ='22092025'!$D$1 -> 99 | AC10: 23 | AD10: ='23102025'!$D$1 -> 118 | AF10: 24 | AG10: ='24112025'!$D$1 -> 0 | AI10: 22
B11: 30 | C11: ='30012025'!D$1 -> 108 | E11: 27 | F11: ='27022025'!D$1 -> 155 | H11: 27 | I11: ='27032025'!$D$1 -> 99 | N11: 29 | O11: ='29052025'!$D$1 -> 93 | Q11: 26 | R11: ='26062025'!$D$1 -> 106 | T11: 28 | U11: ='28072025'!$D$1 -> 98 | W11: 28 | X11: ='28082025'!$D$1 -> 134 | Z11: 25 | AA11: ='25092025'!$D$1 -> 103 | AC11: 27 | AD11: ='27102025'!$D$1 -> 107 | AF11: 27 | AG11: ='27112025'!$D$1 -> 0 | AI11: 25
H12: 31 | I12: ='31032025'!$D$1 -> 69 | Q12: 30 | R12: ='30062025'!$D$1 -> 104 | T12: 31 | U12: ='31072025'!$D$1 -> 99 | Z12: 29 | AA12: ='29092025'!$D$1 -> 105 | AC12: 30 | AD12: ='30102025'!$D$1 -> 89 | AI12: 29
B14: =COUNTA(B4:B13) -> 8 | C14: =SUM(C4:C13) -> 834 | E14: =COUNTA(E4:E13) -> 8 | F14: =SUM(F4:F13) -> 674 | H14: =COUNTA(H4:H13) -> 9 | I14: =SUM(I4:I13) -> 885 | K14: =COUNTA(K4:K13) -> 7 | L14: =SUM(L4:L13) -> 817 | N14: =COUNTA(N4:N13) -> 8 | O14: =SUM(O4:O13) -> 807 | Q14: =COUNTA(Q4:Q13) -> 9 | R14: =SUM(R4:R13) -> 903 | T14: =COUNTA(T4:T13) -> 9 | U14: =SUM(U4:U13) -> 884 | W14: =COUNTA(W4:W13) -> 8 | X14: =SUM(X4:X13) -> 745 | Z14: =COUNTA(Z4:Z13) -> 9 | AA14: =SUM(AA4:AA13) -> 848 | AC14: =COUNTA(AC4:AC13) -> 9 | AD14: =SUM(AD4:AD13) -> 1011 | AF14: =COUNTA(AF4:AF13) -> 8 | AG14: =SUM(AG4:AG13) -> 249 | AI14: =COUNTA(AI4:AI13) -> 9 | AJ14: =SUM(AJ4:AJ13) -> 0
B16: =SUM(B14,E14,H14,K14,N14,Q14,T14,W14,Z14,AC14,AF14,AI14) -> 101
B17: =SUM(C14,F14,I14,L14,O14,R14,U14,X14,AA14,AD14,AG14,AJ14) -> 8657

Sheet 06012025
C1: 45663 | D1: 125 | E1: =COUNTA(B:B)-1 -> 125
A2: รูปภาพ | B2: ลำดับที่ | C2: ยี่ห้อ | D2: รุ่น | E2: ประเภทรถกระบะ | F2: รุ่นย่อย | G2: เกรด | H2: ราคาเริ่มต้น (ไม่รวมvat) | I2: ค่าธรรมเนียม (ไม่รวมvat) | J2: ราคาสูงสุด | K2: ปีที่ผลิต | L2: ป้ายทะเบียนรถ | M2: จังหวัด | N2: ปีที่จดทะเบียน | O2: เลขไมล์ (กม.) | P2: ระบบขับเคลื่อน | Q2: ความจุ (CC) | R2: สี | S2: ระบบเกียร์ | T2: เชื้อเพลิง | U2: สถานที่จอดรถ | V2: ประเภทรถประมูล
B3: 1001 | C3: Toyota | D3: Corolla Cross | F3: HEV GR Sport | G3: A | H3: 760000 | I3: 17400 | J3: 844000 | K3: 2023 | L3: ขย-2165 | M3: ระยอง | N3: 2023 | O3: 56269 | P3: FWD | Q3: 1.8 | R3: ขาว ดำ | S3: AT | T3: ไฮบริด | U3: สุวินทวงศ์ | V3: ถูกยึดคืน
C4: หมายเหตุ: ค่าเช็คต้น 100 บาท ภาษีหมดอายุ 17-02-25 ผู้ซื้อต้องดำเนินการต่อภาษีเอง กรณีไม่มีป้ายภาษี ผู้ซื้อต้องรับผิดชอบคัดป้ายใหม่เอง กรณีรถติดอายัดจราจร หรือ มีค่าใช้จ่ายคงค้างจากการใช้ทางด่วน/M-flow ผู้ซื้อเป็นผู้รับผิดชอบค่าใช้จ่ายทุกกรณี
B5: 1002 | C5: Toyota | D5: Hilux Revo | E5: Double Cab | F5: Z Edition Mid | G5: C | H5: 340000 | I5: 19600 | J5: 458000 | K5: 2023 | L5: จต-6992 | M5: เชียงใหม่ | N5: 2023 | O5: 14572 | P5: RWD | Q5: 2.4 | R5: ขาว | S5: AT | T5: ดีเซล | U5: สุวินทวงศ์ | V5: ถูกยึดคืน
C6: หมายเหตุ: ค่าเช็คต้น 100 บาท ภาษีหมดอายุ 19-07-24 ผู้ซื้อต้องดำเนินการต่อภาษีเอง กรณีไม่มีป้ายภาษี ผู้ซื้อต้องรับผิดชอบคัดป้ายใหม่เอง กรณีรถติดอายัดจราจร หรือ มีค่าใช้จ่ายคงค้างจากการใช้ทางด่วน/M-flow ผู้ซื้อเป็นผู้รับผิดชอบค่าใช้จ่ายทุกกรณี
B7: 1003 | C7: Toyota | D7: Yaris Ativ | F7: Sport | G7: B | H7: 240000 | I7: 17400 | J7: 296000 | K7: 2021 | L7: 3ขญ-1687 | M7: กรุงเทพมหานคร | N7: 2022 | O7: 36878 | P7: FWD | Q7: 1.2 | R7: ขาว | S7: AT | T7: เบนซิน | U7: สุวินทวงศ์ | V7: ถูกยึดคืน
C8: หมายเหตุ: ค่าเช็คต้น 100 บาท ภาษีหมดอายุ 17-08-24 ผู้ซื้อต้องดำเนินการต่อภาษีเอง กรณีไม่มีป้ายภาษี ผู้ซื้อต้องรับผิดชอบคัดป้ายใหม่เอง กรณีรถติดอายัดจราจร หรือ มีค่าใช้จ่ายคงค้างจากการใช้ทางด่วน/M-flow ผู้ซื้อเป็นผู้รับผิดชอบค่าใช้จ่ายทุกกรณี
B9: 1004 | C9: Toyota | D9: Corolla Altis | F9: Hybrid Premium Safety | G9: A | H9: 420000 | I9: 19600 | J9: 548000 | K9: 2019 | L9: ขม-6569 | M9: ขอนแก่น | N9: 2019 | O9: 42038 | P9: FWD | Q9: 1.8 | R9: ดำ | S9: AT | T9: ไฮบริด | U9: สุวินทวงศ์ | V9: ถูกยึดคืน
C10: หมายเหตุ: ค่าเช็คต้น 100 บาท ภาษีหมดอายุ 16-12-25 ผู้ซื้อต้องดำเนินการต่อภาษีเอง กรณีไม่มีป้ายภาษี ผู้ซื้อต้องรับผิดชอบคัดป้ายใหม่เอง กรณีรถติดอายัดจราจร หรือ มีค่าใช้จ่ายคงค้างจากการใช้ทางด่วน/M-flow ผู้ซื้อเป็นผู้รับผิดชอบค่าใช้จ่ายทุกกรณี
B11: 1005 | C11: Toyota | D11: Hilux Revo | E11: Double Cab | F11: Prerunner E Plus | G11: C | H11: 300000 | I11: 20400 | J11: 344000 | K11: 2018 | L11: 7กฎ-9142 | M11: กรุงเทพมหานคร | N11: 2018 | O11: 103821 | P11: RWD | Q11: 2.4 | R11: ดำ | S11: MT | T11: ดีเซล | U11: สุวินทวงศ์ | V11: ถูกยึดคืน
C12: หมายเหตุ: ค่าเช็คต้น 100 บาท ภาษีหมดอายุ 27-03-24 ผู้ซื้อต้องดำเนินการต่อภาษีเอง กรณีไม่มีป้ายภาษี ผู้ซื้อต้องรับผิดชอบคัดป้ายใหม่เอง กรณีรถติดอายัดจราจร หรือ มีค่าใช้จ่ายคงค้างจากการใช้ทางด่วน/M-flow ผู้ซื้อเป็นผู้รับผิดชอบค่าใช้จ่ายทุกกรณี
B13: 1006 | C13: Toyota | D13: Hilux Revo | E13: Smart Cab | F13: Prerunner Entry | G13: S | H13: 410000 | I13: 20600 | J13: 446000 | K13: 2024 | L13: 3ฒอ-9319 | M13: กรุงเทพมหานคร | N13: 2024 | O13: 5860 | P13: RWD | Q13: 2.4 | R13: เทา | S13: MT | T13: ดีเซล | U13: สุวินทวงศ์ | V13: ถูกยึดคืน
C14: หมายเหตุ: ค่าเช็คต้น 100 บาท ภาษีหมดอายุ 17-05-25 ผู้ซื้อต้องดำเนินการต่อภาษีเอง กรณีไม่มีป้ายภาษี ผู้ซื้อต้องรับผิดชอบคัดป้ายใหม่เอง กรณีรถติดอายัดจราจร หรือ มีค่าใช้จ่ายคงค้างจากการใช้ทางด่วน/M-flow ผู้ซื้อเป็นผู้รับผิดชอบค่าใช้จ่ายทุกกรณี
B15: 1007 | C15: Toyota | D15: Fortuner | F15: Legender | G15: A | H15: 950000 | I15: 18900 | J15: 1195000 | K15: 2022 | L15: งบ-7724 | M15: นครราชสีมา | N15: 2022 | O15: 43946 | P15: 4WD | Q15: 2.8 | R15: ขาว ดำ | S15: AT | T15: ดีเซล | U15: สุวินทวงศ์ | V15: ถูกยึดคืน
C16: หมายเหตุ: ค่าเช็คต้น 100 บาท ภาษีหมดอายุ 18-08-24 ผู้ซื้อต้องดำเนินการต่อภาษีเอง กรณีไม่มีป้ายภาษี ผู้ซื้อต้องรับผิดชอบคัดป้ายใหม่เอง กรณีรถติดอายัดจราจร หรือ มีค่าใช้จ่ายคงค้างจากการใช้ทางด่วน/M-flow ผู้ซื้อเป็นผู้รับผิดชอบค่าใช้จ่ายทุกกรณี
B17: 1008 | C17: Toyota | D17: Hilux Revo | E17: Double Cab | F17: Prerunner Mid | G17: A | H17: 460000 | I17: 20100 | J17: 534000 | K17: 2022 | L17: กฉ-5297 | M17: มุกดาหาร | N17: 2023 | O17: 26474 | P17: RWD | Q17: 2.4 | R17: เทา | S17: MT | T17: ดีเซล | U17: สุวินทวงศ์ | V17: ถูกยึดคืน
C18: หมายเหตุ: ค่าเช็คต้น 100 บาท ภาษีหมดอายุ 28-02-24 ผู้ซื้อต้องดำเนินการต่อภาษีเอง กรณีไม่มีป้ายภาษี ผู้ซื้อต้องรับผิดชอบคัดป้ายใหม่เอง กรณีรถติดอายัดจราจร หรือ มีค่าใช้จ่ายคงค้างจากการใช้ทางด่วน/M-flow ผู้ซื้อเป็นผู้รับผิดชอบค่าใช้จ่ายทุกกรณี
B19: 1009 | C19: Toyota | D19: Hilux Revo | E19: Smart Cab | F19: Z Edition Entry | G19: A | H19: 242000 | I19: 19600 | J19: 334000 | K19: 2023 | L19: ยค-9806 | M19: ขอนแก่น | N19: 2024 | O19: 2029 | P19: RWD | Q19: 2.4 | R19: เทา | S19: MT | T19: ดีเซล | U19: สุวินทวงศ์ | V19: ถูกยึดคืน
C20: หมายเหตุ: ค่าเช็คต้น 100 บาท ภาษีหมดอายุ 18-03-25 ผู้ซื้อต้องดำเนินการต่อภาษีเอง กรณีไม่มีป้ายภาษี ผู้ซื้อต้องรับผิดชอบคัดป้ายใหม่เอง กรณีรถติดอายัดจราจร หรือ มีค่าใช้จ่ายคงค้างจากการใช้ทางด่วน/M-flow ผู้ซื้อเป็นผู้รับผิดชอบค่าใช้จ่ายทุกกรณี
B21: 1010 | C21: Toyota | D21: Hilux Revo | E21: Smart Cab | F21: Entry | G21: B | H21: 230000 | I21: 19600 | J21: 282000 | K21: 2022 | L21: ผบ-1231 | M21: อุบลราชธานี | N21: 2022 | O21: 64072 | P21: RWD | Q21: 2.4 | R21: เทา | S21: MT | T21: ดีเซล | U21: สุวินทวงศ์ | V21: ถูกยึดคืน
C22: หมายเหตุ: ค่าเช็คต้น 100 บาท ภาษีหมดอายุ 26-05-25 ผู้ซื้อต้องดำเนินการต่อภาษีเอง กรณีไม่มีป้ายภาษี ผู้ซื้อต้องรับผิดชอบคัดป้ายใหม่เอง กรณีรถติดอายัดจราจร หรือ มีค่าใช้จ่ายคงค้างจากการใช้ทางด่วน/M-flow ผู้ซื้อเป็นผู้รับผิดชอบค่าใช้จ่ายทุกกรณี
B23: 1011 | C23: Mitsubishi | D23: Triton | E23: Smart Cab | F23: GLX | G23: A | H23: 220000 | I23: 10000 | J23: 288000 | K23: 2022 | L23: ผธ-8509 | M23: เชียงราย | N23: 2023 | O23: 14340 | P23: RWD | Q23: 2.5 | R23: ดำ | S23: MT | T23: ดีเซล | U23: สุวินทวงศ์
C24: หมายเหตุ: (KA) กรณีเอกสารหมดอายุหรือสูญหาย ขอเอกสารใหม่มีค่าใช้จ่าย 500 บาท
B25: 1012 | C25: Isuzu | D25: D-Max | E25: Double Cab | F25: Hi-Lander Z | G25: E | H25: 210000 | I25: 10000 | J25: 312000 | K25: 2016 | L25: 5กฒ-7363 | M25: กรุงเทพมหานคร | N25: 2016 | O25: 190015 | P25: RWD | Q25: 1.9 | R25: เทา | S25: MT | T25: ดีเซล | U25: สุวินทวงศ์
C26: หมายเหตุ: มีค่าปรับ M-flow 330 บาท กรณีเอกสารหมดอายุหรือสูญหาย ขอเอกสารใหม่มีค่าใช้จ่าย 500 บาท
B27: 1013 | C27: Toyota | D27: Camry | F27: Hybrid | G27: C | H27: 100000 | I27: 10000 | J27: 150000 | K27: 2011 | L27: กฉ-7525 | M27: นครพนม | N27: 2014 | O27: 257655 | P27: FWD | Q27: 2.4 | R27: ขาว | S27: AT | T27: ไฮบริด | U27: สุวินทวงศ์
C28: หมายเหตุ: รถติดอายัดจราจร มีใบสั่ง 3 ใบ ปรับ 1500 บาท กรณีเอกสารหมดอายุหรือสูญหาย ขอเอกสารใหม่มีค่าใช้จ่าย 500 บาท
B29: 1014 | C29: Toyota | D29: Fortuner | F29: V | G29: E | H29: 220000 | I29: 10000 | J29: 234000 | K29: 2008 | L29: ชฬ-521 | M29: กรุงเทพมหานคร | N29: 2008 | O29: 336973 | P29: 4WD | Q29: 3 | R29: ดำ | S29: AT | T29: ดีเซล | U29: สุวินทวงศ์
C30: หมายเหตุ: ออกใบแทนคู่มือทะเบียนใหม่ กรณีรายการต่อเต็ม กรณีเอกสารหมดอายุหรือสูญหาย ขอเอกสารใหม่มีค่าใช้จ่าย 500 บาท
B31: 1015 | C31: Toyota | D31: Hilux Revo | E31: Single Cab | F31: Entry | G31: E | H31: 160000 | I31: 10000 | J31: 218000 | K31: 2020 | L31: 3ฒจ-9198 | M31: กรุงเทพมหานคร | N31: 2021 | O31: 190177 | P31: RWD | Q31: 2.4 | R31: ขาว | S31: MT | T31: ดีเซล | U31: สุวินทวงศ์
C32: หมายเหตุ: กรณีเอกสารหมดอายุหรือสูญหาย ขอเอกสารใหม่มีค่าใช้จ่าย 500 บาท
B33: 1016 | C33: Mitsubishi | D33: Attrage | F33: GLX | G33: E | H33: 140000 | I33: 10000 | J33: 140000 | K33: 2020 | L33: ขข-6001 | M33: อุบลราชธานี | N33: 2021 | O33: 144318 | P33: FWD | Q33: 1.2 | R33: ขาว | S33: AT | T33: เบนซิน | U33: สุวินทวงศ์
C34: หมายเหตุ: มีค่าปรับ M-FLOW 990 บาท รถติดอายัดจราจร มีใบสั่ง 1 ใบ ปรับ 500 บาท กรณีเอกสารหมดอายุหรือสูญหาย ขอเอกสารใหม่มีค่าใช้จ่าย 500 บาท
B35: 1017 | C35: Isuzu | D35: D-Max | E35: Extra Cab | F35: SLX Super Titanium | G35: F | H35: 70000 | I35: 10000 | J35: 78000 | K35: 2011 | L35: ผย-6782 | M35: ชลบุรี | N35: 2011 | O35: 109287 | P35: RWD | Q35: 2.5 | R35: เทา | S35: MT | T35: ดีเซล | U35: สุวินทวงศ์
C36: หมายเหตุ: ไม่รับผิดชอบการโอนทุกกรณี เนื่องจากรถมีการดัดแปลงเว้าโครงแซสซี เรือนไมล์ชำรุด ขายตามสภาพ กรณีเอกสารหมดอายุหรือสูญหาย ขอเอกสารใหม่มีค่าใช้จ่าย 500 บาท
B37: 1018 | C37: Honda | D37: Civic | F37: E i-VTEC | G37: F | H37: 60000 | I37: 10000 | J37: 92000 | K37: 2006 | L37: ขค-1239 | M37: พิษณุโลก | N37: 2007 | O37: 185501 | P37: FWD | Q37: 2 | R37: เทา | S37: AT | T37: เบนซิน | U37: สุวินทวงศ์
C38: หมายเหตุ: ออกใบแทนคู่มือทะเบียนใหม่ กรณีรายการต่อเต็ม กรณีเอกสารหมดอายุหรือสูญหาย ขอเอกสารใหม่มีค่าใช้จ่าย 500 บาท
B39: 1019 | C39: Isuzu | D39: D-Max | E39: Smart Cab | F39: Hi-Lander Z | G39: E | H39: 130000 | I39: 10000 | J39: 152000 | K39: 2012 | L39: 3ฒน-9631 | M39: กรุงเทพมหานคร | N39: 2013 | O39: 206814 | P39: RWD | Q39: 2.5 | R39: เทา | S39: MT | T39: ดีเซล | U39: สุวินทวงศ์
C40: หมายเหตุ: เบาะโดยสารคู่หน้ามีการดัดแปลงมา ขายตามสภาพ ผู้ซื้อดำเนินการเอง กรณีเอกสารหมดอายุหรือสูญหาย ขอเอกสารใหม่มีค่าใช้จ่าย 500 บาท
B41: 1020 | C41: Toyota | D41: Hilux Revo | E41: Smart Cab | F41: J | G41: F | H41: 150000 | I41: 10000 | J41: 170000 | K41: 2016 | L41: 3ฒษ-1231 | M41: กรุงเทพมหานคร | N41: 2016 | O41: 122648 | P41: RWD | Q41: 2.4 | R41: ขาว | S41: MT | T41: ดีเซล | U41: สุวินทวงศ์
C42: หมายเหตุ: เลขไมล์ผิดปกติ ขายตามสภาพ มีค่าปรับ M-flow 660 บาท กรณีเอกสารหมดอายุหรือสูญหาย ขอเอกสารใหม่มีค่าใช้จ่าย 500 บาท
B43: 1021 | C43: Ford | D43: Focus | F43: Trend | G43: E | H43: 45000 | I43: 10000 | J43: 50000 | K43: 2013 | L43: 1กศ-8878 | M43: กรุงเทพมหานคร | N43: 2013 | O43: 108256 | P43: FWD | Q43: 1.6 | R43: ขาว | S43: AT | T43: เบนซิน | U43: สุวินทวงศ์
C44: หมายเหตุ: กรณีเอกสารหมดอายุหรือสูญหาย ขอเอกสารใหม่มีค่าใช้จ่าย 500 บาท
B45: 1022 | C45: Isuzu | D45: D-Max | E45: Smart Cab | F45: Vcross Z | G45: E | H45: 160000 | I45: 10000 | J45: 202000 | K45: 2013 | L45: 1ฒค-8894 | M45: กรุงเทพมหานคร | N45: 2014 | O45: 270768 | P45: 4WD | Q45: 2.5 | R45: ดำ | S45: MT | T45: ดีเซล | U45: สุวินทวงศ์
C46: หมายเหตุ: กรณีเอกสารหมดอายุหรือสูญหาย ขอเอกสารใหม่มีค่าใช้จ่าย 500 บาท
B47: 1023 | C47: Toyota | D47: Hilux Vigo | E47: Smart Cab | F47: E | G47: E | H47: 60000 | I47: 10000 | J47: 90000 | K47: 2007 | L47: ตห-3442 | M47: กรุงเทพมหานคร | N47: 2007 | O47: 0 | P47: RWD | Q47: 2.5 | R47: เทา | S47: MT | T47: ดีเซล | U47: สุวินทวงศ์
C48: หมายเหตุ: ไม่สามารถตรวจสอบเลขไมล์ได้ เนื่องจากเรือนไมล์ชำรุด ขายตามสภาพ กรณีเอกสารหมดอายุหรือสูญหาย ขอเอกสารใหม่มีค่าใช้จ่าย 500 บาท
B49: 1024 | C49: BMW | D49: 320d | F49: SE | G49: F | H49: 110000 | I49: 10000 | J49: 200000 | K49: 2009 | L49: 2กม-1451 | M49: กรุงเทพมหานคร | N49: 2010 | O49: 243979 | P49: RWD | Q49: 2 | R49: ดำ | S49: AT | T49: ดีเซล | U49: สุวินทวงศ์
C50: หมายเหตุ: รถขับเคลื่อนไม่ได้ สตาร์ทไม่ติด ขายตามสภาพ กรณีเอกสารหมดอายุหรือสูญหาย ขอเอกสารใหม่มีค่าใช้จ่าย 500 บาท
B51: 1025 | C51: Nissan | D51: March | F51: S | G51: C | H51: 80000 | I51: 10000 | J51: 90000 | K51: 2019 | L51: กธ-3201 | M51: สระแก้ว | N51: 2019 | O51: 68732 | P51: FWD | Q51: 1.2 | R51: ดำ | S51: MT | T51: เบนซิน | U51: สุวินทวงศ์
C52: หมายเหตุ: กรณีเอกสารหมดอายุหรือสูญหาย ขอเอกสารใหม่มีค่าใช้จ่าย 500 บาท
B53: 1026 | C53: Isuzu | D53: D-Max | E53: Smart Cab | F53: S | G53: F | H53: 180000 | I53: 10000 | J53: 200000 | K53: 2018 | L53: บว-2728 | M53: ฉะเชิงเทรา | N53: 2018 | O53: 107466 | P53: RWD | Q53: 1.9 | R53: ขาว | S53: MT | T53: ดีเซล | U53: สุวินทวงศ์
C54: หมายเหตุ: รถติดอายัดจราจร มีใบสั่งปรับ 500 บาท กรณีเอกสารหมดอายุหรือสูญหาย ขอเอกสารใหม่มีค่าใช้จ่าย 500 บาท
B55: 1027 | C55: Honda | D55: Brio | F55: Amaze S | G55: E | H55: 80000 | I55: 10000 | J55: 98000 | K55: 2013 | L55: กน-9359 | M55: ฉะเชิงเทรา | N55: 2014 | O55: 122909 | P55: FWD | Q55: 1.2 | R55: ขาว | S55: AT | T55: เบนซิน | U55: สุวินทวงศ์
C56: หมายเหตุ: กรณีเอกสารหมดอายุหรือสูญหาย ขอเอกสารใหม่มีค่าใช้จ่าย 500 บาท
B57: 1028 | C57: Isuzu | D57: D-Max | E57: Smart Cab | F57: L DA | G57: F | H57: 270000 | I57: 10000 | J57: 272000 | K57: 2021 | L57: ผก-1201 | M57: พระนครศรีอยุธยา | N57: 2021 | O57: 39397 | P57: RWD | Q57: 1.9 | R57: ดำ ขาว | S57: MT | T57: ดีเซล | U57: สุวินทวงศ์
C58: หมายเหตุ: สีไม่ตรงเล่ม ไม่มีใบเปลี่ยน เทอร์โบขาด เครื่องยนต์ไม่ปกติ ขายตามสภาพ ผู้ซื้อดำเนินการเอง รถติดอายัดจราจร มีใบสั่ง 3 ใบ ปรับ 1,500 บาท กรณีเอกสารหมดอายุหรือสูญหาย ขอเอกสารใหม่มีค่าใช้จ่าย 500 บาท
B59: 1029 | C59: Honda | D59: CR-V | F59: DT EL | G59: C | H59: 500000 | I59: 10000 | J59: 571000 | K59: 2017 | L59: ฉข-62 | M59: กรุงเทพมหานคร | N59: 2018 | O59: 171453 | P59: 4WD | Q59: 1.6 | R59: ดำ | S59: AT | T59: ดีเซล | U59: สุวินทวงศ์
C60: หมายเหตุ: (KA) กรณีเอกสารหมดอายุหรือสูญหาย ขอเอกสารใหม่มีค่าใช้จ่าย 500 บาท
B61: 1030 | C61: Toyota | D61: Corolla Altis | F61: E | G61: E | H61: 70000 | I61: 10000 | J61: 70000 | K61: 2010 | L61: ฎษ-2590 | M61: กรุงเทพมหานคร | N61: 2010 | O61: 171802 | P61: FWD | Q61: 1.8 | R61: เทา | S61: AT | T61: เบนซิน | U61: สุวินทวงศ์
C62: หมายเหตุ: กรณีเอกสารหมดอายุหรือสูญหาย ขอเอกสารใหม่มีค่าใช้จ่าย 500 บาท
B63: 1031 | C63: Mitsubishi | D63: Triton | E63: Double Cab | F63: GT Plus | G63: A+ | H63: 480000 | I63: 10000 | J63: 548000 | K63: 2022 | L63: 4ขล-8647 | M63: กรุงเทพมหานคร | N63: 2023 | O63: 19449 | P63: RWD | Q63: 2.4 | R63: เทา | S63: AT | T63: ดีเซล | U63: สุวินทวงศ์
C64: หมายเหตุ: (KA) มีค่าปรับ M-flow 330 บาท กรณีเอกสารหมดอายุหรือสูญหาย ขอเอกสารใหม่มีค่าใช้จ่าย 500 บาท
B65: 1032 | C65: Toyota | D65: Hilux Revo | E65: Double Cab | F65: Prerunner Entry | G65: D | H65: 480000 | I65: 10000 | J65: 484000 | K65: 2021 | L65: 9กผ-8281 | M65: กรุงเทพมหานคร | N65: 2021 | O65: 62777 | P65: RWD | Q65: 2.4 | R65: ดำ | S65: AT | T65: ดีเซล | U65: สุวินทวงศ์
C66: หมายเหตุ: กรณีเอกสารหมดอายุหรือสูญหาย ขอเอกสารใหม่มีค่าใช้จ่าย 500 บาท
B67: 1033 | C67: Toyota | D67: Hilux Revo | E67: Single Cab | F67: Entry | G67: D | H67: 382000 | I67: 19600 | J67: 441000 | K67: 2023 | L67: ยน-3522 | M67: เชียงใหม่ | N67: 2023 | O67: 17667 | P67: 4WD | Q67: 2.8 | R67: เทา | S67: MT | T67: ดีเซล | U67: สุวินทวงศ์ | V67: ถูกยึดคืน
C68: หมายเหตุ: ค่าเช็คต้น 100 บาท ภาษีหมดอายุ 15-03-25 ผู้ซื้อต้องดำเนินการต่อภาษีเอง กรณีไม่มีป้ายภาษี ผู้ซื้อต้องรับผิดชอบคัดป้ายใหม่เอง กรณีรถติดอายัดจราจร หรือ มีค่าใช้จ่ายคงค้างจากการใช้ทางด่วน/M-flow ผู้ซื้อเป็นผู้รับผิดชอบค่าใช้จ่ายทุกกรณี
B69: 1034 | C69: Toyota | D69: Hilux Revo | E69: Smart Cab | F69: Z Edition Entry | G69: A | H69: 240000 | I69: 21600 | J69: 322000 | K69: 2023 | L69: ผพ-6332 | M69: สงขลา | N69: 2023 | O69: 25800 | P69: RWD | Q69: 2.4 | R69: เทา | S69: MT | T69: ดีเซล | U69: สุวินทวงศ์ | V69: ถูกยึดคืน
C70: หมายเหตุ: ค่าเช็คต้น 100 บาท ภาษีหมดอายุ 21-08-24 ผู้ซื้อต้องดำเนินการต่อภาษีเอง กรณีไม่มีป้ายภาษี ผู้ซื้อต้องรับผิดชอบคัดป้ายใหม่เอง กรณีรถติดอายัดจราจร หรือ มีค่าใช้จ่ายคงค้างจากการใช้ทางด่วน/M-flow ผู้ซื้อเป็นผู้รับผิดชอบค่าใช้จ่ายทุกกรณี
B71: 1035 | C71: Toyota | D71: Veloz | F71: Premium | G71: B | H71: 400000 | I71: 17400 | J71: 497000 | K71: 2023 | L71: กธ-6072 | M71: ชัยภูมิ | N71: 2023 | O71: 110236 | P71: FWD | Q71: 1.5 | R71: ขาว | S71: AT | T71: เบนซิน | U71: สุวินทวงศ์ | V71: ถูกยึดคืน
C72: หมายเหตุ: ค่าเช็คต้น 100 บาท ภาษีหมดอายุ 08-03-25 ผู้ซื้อต้องดำเนินการต่อภาษีเอง กรณีไม่มีป้ายภาษี ผู้ซื้อต้องรับผิดชอบคัดป้ายใหม่เอง กรณีรถติดอายัดจราจร หรือ มีค่าใช้จ่ายคงค้างจากการใช้ทางด่วน/M-flow ผู้ซื้อเป็นผู้รับผิดชอบค่าใช้จ่ายทุกกรณี
B73: 1036 | C73: Toyota | D73: Hilux Revo | E73: Smart Cab | F73: Z Edition Entry | G73: E | H73: 190000 | I73: 19600 | J73: 273000 | K73: 2021 | L73: ผฉ-2920 | M73: นครสวรรค์ | N73: 2021 | O73: 57755 | P73: RWD | Q73: 2.4 | R73: ดำ | S73: MT | T73: ดีเซล | U73: สุวินทวงศ์ | V73: ถูกยึดคืน
C74: หมายเหตุ: ค่าเช็คต้น 100 บาท ภาษีหมดอายุ 21-04-25 ผู้ซื้อต้องดำเนินการต่อภาษีเอง กรณีไม่มีป้ายภาษี ผู้ซื้อต้องรับผิดชอบคัดป้ายใหม่เอง กรณีรถติดอายัดจราจร หรือ มีค่าใช้จ่ายคงค้างจากการใช้ทางด่วน/M-flow ผู้ซื้อเป็นผู้รับผิดชอบค่าใช้จ่ายทุกกรณี
B75: 1037 | C75: Toyota | D75: Corolla Cross | F75: HEV Premium | G75: C | H75: 570000 | I75: 20900 | J75: 600000 | K75: 2022 | L75: กพ-4184 | M75: สกลนคร | N75: 2022 | O75: 62241 | P75: FWD | Q75: 1.8 | R75: ดำ | S75: AT | T75: ไฮบริด | U75: สุวินทวงศ์ | V75: ถูกยึดคืน
C76: หมายเหตุ: ค่าเช็คต้น 100 บาท ภาษีหมดอายุ 21-07-24 ผู้ซื้อต้องดำเนินการต่อภาษีเอง กรณีไม่มีป้ายภาษี ผู้ซื้อต้องรับผิดชอบคัดป้ายใหม่เอง กรณีรถติดอายัดจราจร หรือ มีค่าใช้จ่ายคงค้างจากการใช้ทางด่วน/M-flow ผู้ซื้อเป็นผู้รับผิดชอบค่าใช้จ่ายทุกกรณี
B77: 1038 | C77: Toyota | D77: Hilux Revo | E77: Single Cab | F77: J | G77: E | H77: 252000 | I77: 19600 | J77: 422000 | K77: 2020 | L77: ยฉ-1227 | M77: เชียงใหม่ | N77: 2020 | O77: 84342 | P77: 4WD | Q77: 2.8 | R77: เทา | S77: MT | T77: ดีเซล | U77: สุวินทวงศ์ | V77: ถูกยึดคืน
C78: หมายเหตุ: ค่าเช็คต้น 100 บาท ภาษีหมดอายุ 29-05-25 ผู้ซื้อต้องดำเนินการต่อภาษีเอง กรณีไม่มีป้ายภาษี ผู้ซื้อต้องรับผิดชอบคัดป้ายใหม่เอง กรณีรถติดอายัดจราจร หรือ มีค่าใช้จ่ายคงค้างจากการใช้ทางด่วน/M-flow ผู้ซื้อเป็นผู้รับผิดชอบค่าใช้จ่ายทุกกรณี
B79: 1039 | C79: Toyota | D79: Hilux Revo | E79: Smart Cab | F79: Prerunner High | G79: B | H79: 345000 | I79: 20900 | J79: 439000 | K79: 2020 | L79: ผน-2202 | M79: อุบลราชธานี | N79: 2021 | O79: 95935 | P79: RWD | Q79: 2.4 | R79: เทา | S79: AT | T79: ดีเซล | U79: สุวินทวงศ์ | V79: ถูกยึดคืน
C80: หมายเหตุ: ค่าเช็คต้น 100 บาท ภาษีหมดอายุ 30-08-23 ผู้ซื้อต้องดำเนินการต่อภาษีเอง กรณีไม่มีป้ายภาษี ผู้ซื้อต้องรับผิดชอบคัดป้ายใหม่เอง กรณีรถติดอายัดจราจร หรือ มีค่าใช้จ่ายคงค้างจากการใช้ทางด่วน/M-flow ผู้ซื้อเป็นผู้รับผิดชอบค่าใช้จ่ายทุกกรณี
B81: 1040 | C81: Toyota | D81: Yaris Ativ | F81: E | G81: E | H81: 122000 | I81: 19600 | J81: 184000 | K81: 2018 | L81: งน-6232 | M81: เชียงใหม่ | N81: 2018 | O81: 177459 | P81: FWD | Q81: 1.2 | R81: เทา | S81: AT | T81: เบนซิน | U81: สุวินทวงศ์ | V81: ถูกยึดคืน
C82: หมายเหตุ: ค่าเช็คต้น 100 บาท ภาษีหมดอายุ 24-10-23 ผู้ซื้อต้องดำเนินการต่อภาษีเอง กรณีไม่มีป้ายภาษี ผู้ซื้อต้องรับผิดชอบคัดป้ายใหม่เอง กรณีรถติดอายัดจราจร หรือ มีค่าใช้จ่ายคงค้างจากการใช้ทางด่วน/M-flow ผู้ซื้อเป็นผู้รับผิดชอบค่าใช้จ่ายทุกกรณี
B83: 1041 | C83: Isuzu | D83: D-Max | E83: Double Cab | F83: S | G83: B | H83: 340000 | I83: 18900 | J83: 408000 | K83: 2022 | L83: จต-9572 | M83: ชลบุรี | N83: 2022 | O83: 31085 | P83: RWD | Q83: 1.9 | R83: ขาว | S83: MT | T83: ดีเซล | U83: สุวินทวงศ์ | V83: ถูกยึดคืน
C84: หมายเหตุ: ค่าเช็คต้น 100 บาท ภาษีหมดอายุ 17-10-24 ผู้ซื้อต้องดำเนินการต่อภาษีเอง กรณีไม่มีป้ายภาษี ผู้ซื้อต้องรับผิดชอบคัดป้ายใหม่เอง กรณีรถติดอายัดจราจร หรือ มีค่าใช้จ่ายคงค้างจากการใช้ทางด่วน/M-flow ผู้ซื้อเป็นผู้รับผิดชอบค่าใช้จ่ายทุกกรณี
B85: 1042 | C85: Toyota | D85: Hilux Revo | E85: Smart Cab | F85: Z Edition Entry | G85: A | H85: 245000 | I85: 20100 | J85: 302000 | K85: 2023 | L85: ยค-7100 | M85: ขอนแก่น | N85: 2023 | O85: 42917 | P85: RWD | Q85: 2.4 | R85: เทา | S85: MT | T85: ดีเซล | U85: สุวินทวงศ์ | V85: ถูกยึดคืน
C86: หมายเหตุ: ค่าเช็คต้น 100 บาท ภาษีหมดอายุ 06-12-24 ผู้ซื้อต้องดำเนินการต่อภาษีเอง กรณีไม่มีป้ายภาษี ผู้ซื้อต้องรับผิดชอบคัดป้ายใหม่เอง กรณีรถติดอายัดจราจร หรือ มีค่าใช้จ่ายคงค้างจากการใช้ทางด่วน/M-flow ผู้ซื้อเป็นผู้รับผิดชอบค่าใช้จ่ายทุกกรณี
B87: 1043 | C87: Toyota | D87: Yaris Ativ | F87: S+ | G87: E | H87: 160000 | I87: 20100 | J87: 222000 | K87: 2018 | L87: ขน-5877 | M87: ขอนแก่น | N87: 2019 | O87: 108203 | P87: FWD | Q87: 1.2 | R87: เทา | S87: AT | T87: เบนซิน | U87: สุวินทวงศ์ | V87: ถูกยึดคืน
C88: หมายเหตุ: มีค่าปรับ M-FLOW 330 บาท ค่าเช็คต้น 100 บาท ภาษีหมดอายุ 31-01-24 ผู้ซื้อต้องดำเนินการต่อภาษีเอง กรณีไม่มีป้ายภาษี ผู้ซื้อต้องรับผิดชอบคัดป้ายใหม่เอง กรณีรถติดอายัดจราจร หรือ มีค่าใช้จ่ายคงค้างจากการใช้ทางด่วน/M-flow ผู้ซื้อเป็นผู้รับผิดชอบค่าใช้จ่ายทุกกรณี
B89: 1044 | C89: Toyota | D89: Hilux Revo | E89: Single Cab | F89: Entry | G89: D | H89: 375000 | I89: 19600 | J89: 469000 | K89: 2023 | L89: ผบ-7720 | M89: สุราษฎร์ธานี | N89: 2023 | O89: 26159 | P89: 4WD | Q89: 2.8 | R89: เทา | S89: MT | T89: ดีเซล | U89: สุวินทวงศ์ | V89: ถูกยึดคืน
C90: หมายเหตุ: ค่าเช็คต้น 100 บาท ภาษีหมดอายุ 20-07-24 ผู้ซื้อต้องดำเนินการต่อภาษีเอง กรณีไม่มีป้ายภาษี ผู้ซื้อต้องรับผิดชอบคัดป้ายใหม่เอง กรณีรถติดอายัดจราจร หรือ มีค่าใช้จ่ายคงค้างจากการใช้ทางด่วน/M-flow ผู้ซื้อเป็นผู้รับผิดชอบค่าใช้จ่ายทุกกรณี
B91: 1045 | C91: Toyota | D91: Hilux Revo | E91: Double Cab | F91: Z Edition Entry | G91: A | H91: 330000 | I91: 18400 | J91: 388000 | K91: 2022 | L91: 4ขท-4765 | M91: กรุงเทพมหานคร | N91: 2023 | O91: 103324 | P91: RWD | Q91: 2.4 | R91: ขาว | S91: AT | T91: ดีเซล | U91: สุวินทวงศ์ | V91: ถูกยึดคืน
C92: หมายเหตุ: ค่าเช็คต้น 100 บาท ภาษีหมดอายุ 21-07-24 ผู้ซื้อต้องดำเนินการต่อภาษีเอง กรณีไม่มีป้ายภาษี ผู้ซื้อต้องรับผิดชอบคัดป้ายใหม่เอง กรณีรถติดอายัดจราจร หรือ มีค่าใช้จ่ายคงค้างจากการใช้ทางด่วน/M-flow ผู้ซื้อเป็นผู้รับผิดชอบค่าใช้จ่ายทุกกรณี
B93: 1046 | C93: Toyota | D93: Vios | F93: E | G93: E | H93: 50000 | I93: 15600 | J93: 80000 | K93: 2010 | L93: ขข-2140 | M93: พระนครศรีอยุธยา | N93: 2010 | O93: 175381 | P93: FWD | Q93: 1.5 | R93: ขาว | S93: AT | T93: เบนซิน | U93: สุวินทวงศ์ | V93: ถูกยึดคืน
C94: หมายเหตุ: ออกใบแทนคู่มือทะเบียนใหม่ กรณีรายการต่อเต็ม ค่าเช็คต้น 100 บาท ภาษีหมดอายุ 29-07-25 ผู้ซื้อต้องดำเนินการต่อภาษีเอง กรณีไม่มีป้ายภาษี ผู้ซื้อต้องรับผิดชอบคัดป้ายใหม่เอง กรณีรถติดอายัดจราจร หรือ มีค่าใช้จ่ายคงค้างจากการใช้ทางด่วน/M-flow ผู้ซื้อเป็นผู้รับผิดชอบค่าใช้จ่ายทุกกรณี
B95: 1047 | C95: Toyota | D95: Corolla Altis | F95: G | G95: E | H95: 140000 | I95: 15000 | J95: 150000 | K95: 2019 | L95: 9กณ-8121 | M95: กรุงเทพมหานคร | N95: 2019 | O95: 164683 | P95: FWD | Q95: 1.6 | R95: เทา | S95: AT | T95: เบนซิน | U95: สุวินทวงศ์ | V95: Op-เช่า
C96: หมายเหตุ: ไม่รับผิดชอบการโอนทุกกรณี เนื่องจาก รถมีการตัดต่อท้ายมา ขายตามสภาพ กรณีติดอายัดจราจรผู้ซื้อเป็นผู้รับผิดชอบทุกกรณี
B97: 1048 | C97: Toyota | D97: Hilux Revo | E97: Smart Cab | F97: Prerunner E Plus | G97: C | H97: 270000 | I97: 20400 | J97: 304000 | K97: 2019 | L97: ผข-1324 | M97: เพชรบูรณ์ | N97: 2019 | O97: 92661 | P97: RWD | Q97: 2.4 | R97: ดำ | S97: MT | T97: ดีเซล | U97: สุวินทวงศ์ | V97: ถูกยึดคืน
C98: หมายเหตุ: ค่าเช็คต้น 100 บาท ภาษีหมดอายุ 23-07-25 ผู้ซื้อต้องดำเนินการต่อภาษีเอง กรณีไม่มีป้ายภาษี ผู้ซื้อต้องรับผิดชอบคัดป้ายใหม่เอง กรณีรถติดอายัดจราจร หรือ มีค่าใช้จ่ายคงค้างจากการใช้ทางด่วน/M-flow ผู้ซื้อเป็นผู้รับผิดชอบค่าใช้จ่ายทุกกรณี
B99: 1049 | C99: Toyota | D99: Corolla Altis | F99: G | G99: A+ | H99: 400000 | I99: 19600 | J99: 494000 | K99: 2022 | L99: จจ-9813 | M99: เชียงใหม่ | N99: 2023 | O99: 17764 | P99: FWD | Q99: 1.6 | R99: เทา | S99: AT | T99: เบนซิน | U99: สุวินทวงศ์ | V99: ถูกยึดคืน
C100: หมายเหตุ: ค่าเช็คต้น 100 บาท ภาษีหมดอายุ 27-01-25 ผู้ซื้อต้องดำเนินการต่อภาษีเอง กรณีไม่มีป้ายภาษี ผู้ซื้อต้องรับผิดชอบคัดป้ายใหม่เอง กรณีรถติดอายัดจราจร หรือ มีค่าใช้จ่ายคงค้างจากการใช้ทางด่วน/M-flow ผู้ซื้อเป็นผู้รับผิดชอบค่าใช้จ่ายทุกกรณี
...

Sheet 09012025
C1: 45666 | D1: 161 | E1: =COUNTA(B:B)-1 -> 161
A2: รูปภาพ | B2: ลำดับที่ | C2: ยี่ห้อ | D2: รุ่น | E2: ประเภทรถกระบะ | F2: รุ่นย่อย | G2: เกรด | H2: ราคาเริ่มต้น (ไม่รวมvat) | I2: ค่าธรรมเนียม (ไม่รวมvat) | J2: ราคาสูงสุด | K2: ปีที่ผลิต | L2: ป้ายทะเบียนรถ | M2: จังหวัด | N2: ปีที่จดทะเบียน | O2: เลขไมล์ (กม.) | P2: ระบบขับเคลื่อน | Q2: ความจุ (CC) | R2: สี | S2: ระบบเกียร์ | T2: เชื้อเพลิง | U2: สถานที่จอดรถ | V2: ประเภทรถประมูล
B3: 1001 | C3: Toyota | D3: Yaris Ativ | F3: Sport | G3: A+ | H3: 316000 | I3: 21600 | J3: 368000 | K3: 2023 | L3: กท-4451 | M3: ปัตตานี | N3: 2024 | O3: 8642 | P3: FWD | Q3: 1.2 | R3: ขาว | S3: AT | T3: เบนซิน | U3: สุวินทวงศ์ | V3: ถูกยึดคืน
C4: หมายเหตุ: ค่าเช็คต้น 100 บาท ภาษีหมดอายุ 16-02-25 ผู้ซื้อต้องดำเนินการต่อภาษีเอง กรณีไม่มีป้ายภาษี ผู้ซื้อต้องรับผิดชอบคัดป้ายใหม่เอง กรณีรถติดอายัดจราจร หรือ มีค่าใช้จ่ายคงค้างจากการใช้ทางด่วน/M-flow ผู้ซื้อเป็นผู้รับผิดชอบค่าใช้จ่ายทุกกรณี
B5: 1002 | C5: Toyota | D5: Fortuner | F5: V | G5: B | H5: 582000 | I5: 19600 | J5: 632000 | K5: 2019 | L5: ขง-5361 | M5: เชียงราย | N5: 2022 | O5: 137304 | P5: RWD | Q5: 2.4 | R5: เทา ดำ | S5: AT | T5: ดีเซล | U5: สุวินทวงศ์ | V5: ถูกยึดคืน
C6: หมายเหตุ: เปลี่ยนสีมา ลงเล่มแล้ว มีค่าปรับ M-FLOW 660 บาท ค่าเช็คต้น 100 บาท ภาษีหมดอายุ 08-09-25 ผู้ซื้อต้องดำเนินการต่อภาษีเอง กรณีไม่มีป้ายภาษี ผู้ซื้อต้องรับผิดชอบคัดป้ายใหม่เอง กรณีรถติดอายัดจราจร หรือ มีค่าใช้จ่ายคงค้างจากการใช้ทางด่วน/M-flow ผู้ซื้อเป็นผู้รับผิดชอบค่าใช้จ่ายทุกกรณี
B7: 1003 | C7: Toyota | D7: Hilux Champ | E7: Single Cab | F7: Attractive Package | G7: A+ | H7: 335000 | I7: 18400 | J7: 417000 | K7: 2024 | L7: ผบ-8822 | M7: ระยอง | N7: 2024 | O7: 14748 | P7: RWD | Q7: 2.4 | R7: เทา | S7: AT | T7: ดีเซล | U7: สุวินทวงศ์ | V7: ถูกยึดคืน
C8: หมายเหตุ: แจ้งหยุดใช้รถ เพื่อแขวนป้ายประมูลให้กับเจ้าของเดิม ขายไม่รวมป้าย ไม่มีแผ่นป้ายทะเบียน ผู้ซื้อต้องดำเนินการจดป้ายใหม่เอง ค่าเช็คต้น 100 บาท ภาษีหมดอายุ 20-06-25 ผู้ซื้อต้องดำเนินการต่อภาษีเอง กรณีไม่มีป้ายภาษี ผู้ซื้อต้องรับผิดชอบคัดป้ายใหม่เอง กรณีรถติดอายัดจราจร หรือ มีค่าใช้จ่ายคงค้างจากการใช้ทางด่วน/M-flow ผู้ซื้อเป็นผู้รับผิดชอบค่าใช้จ่ายทุกกรณี
B9: 1004 | C9: Toyota | D9: Yaris | F9: Premium | G9: F | H9: 260000 | I9: 19600 | J9: 305000 | K9: 2023 | L9: 4ขฉ-1513 | M9: กรุงเทพมหานคร | N9: 2023 | O9: 33307 | P9: FWD | Q9: 1.2 | R9: เทา | S9: AT | T9: เบนซิน | U9: สุวินทวงศ์ | V9: ถูกยึดคืน
C10: หมายเหตุ: ค่าเช็คต้น 100 บาท ภาษีหมดอายุ 26-04-24 ผู้ซื้อต้องดำเนินการต่อภาษีเอง กรณีไม่มีป้ายภาษี ผู้ซื้อต้องรับผิดชอบคัดป้ายใหม่เอง กรณีรถติดอายัดจราจร หรือ มีค่าใช้จ่ายคงค้างจากการใช้ทางด่วน/M-flow ผู้ซื้อเป็นผู้รับผิดชอบค่าใช้จ่ายทุกกรณี
B11: 1005 | C11: Toyota | D11: Hilux Revo | E11: Double Cab | F11: Prerunner Entry | G11: A | H11: 430000 | I11: 15600 | J11: 538000 | K11: 2023 | L11: 5ขค-7574 | M11: กรุงเทพมหานคร | N11: 2024 | O11: 7718 | P11: RWD | Q11: 2.4 | R11: เทา | S11: MT | T11: ดีเซล | U11: สุวินทวงศ์ | V11: ถูกยึดคืน
C12: หมายเหตุ: ค่าเช็คต้น 100 บาท ภาษีหมดอายุ 15-01-25 ผู้ซื้อต้องดำเนินการต่อภาษีเอง กรณีไม่มีป้ายภาษี ผู้ซื้อต้องรับผิดชอบคัดป้ายใหม่เอง กรณีรถติดอายัดจราจร หรือ มีค่าใช้จ่ายคงค้างจากการใช้ทางด่วน/M-flow ผู้ซื้อเป็นผู้รับผิดชอบค่าใช้จ่ายทุกกรณี
B13: 1006 | C13: Toyota | D13: Veloz | F13: Premium | G13: A | H13: 440000 | I13: 15600 | J13: 540000 | K13: 2022 | L13: กฉ-7829 | M13: นครนายก | N13: 2023 | O13: 62973 | P13: FWD | Q13: 1.5 | R13: เทา | S13: AT | T13: เบนซิน | U13: สุวินทวงศ์ | V13: ถูกยึดคืน
C14: หมายเหตุ: ค่าเช็คต้น 100 บาท ภาษีหมดอายุ 20-01-25 ผู้ซื้อต้องดำเนินการต่อภาษีเอง กรณีไม่มีป้ายภาษี ผู้ซื้อต้องรับผิดชอบคัดป้ายใหม่เอง กรณีรถติดอายัดจราจร หรือ มีค่าใช้จ่ายคงค้างจากการใช้ทางด่วน/M-flow ผู้ซื้อเป็นผู้รับผิดชอบค่าใช้จ่ายทุกกรณี
B15: 1007 | C15: Toyota | D15: Hilux Revo | E15: Double Cab | F15: Z Edition Mid | G15: C | H15: 320000 | I15: 19600 | J15: 391000 | K15: 2020 | L15: กน-5226 | M15: กระบี่ | N15: 2020 | O15: 41494 | P15: RWD | Q15: 2.4 | R15: เทา | S15: AT | T15: ดีเซล | U15: สุวินทวงศ์ | V15: ถูกยึดคืน
C16: หมายเหตุ: ค่าเช็คต้น 100 บาท ภาษีหมดอายุ 31-08-24 ผู้ซื้อต้องดำเนินการต่อภาษีเอง กรณีไม่มีป้ายภาษี ผู้ซื้อต้องรับผิดชอบคัดป้ายใหม่เอง กรณีรถติดอายัดจราจร หรือ มีค่าใช้จ่ายคงค้างจากการใช้ทางด่วน/M-flow ผู้ซื้อเป็นผู้รับผิดชอบค่าใช้จ่ายทุกกรณี
B17: 1008 | C17: Toyota | D17: Hilux Revo | E17: Smart Cab | F17: Z Edition Entry | G17: B | H17: 210000 | I17: 19600 | J17: 260000 | K17: 2020 | L17: บษ-4134 | M17: พระนครศรีอยุธยา | N17: 2020 | O17: 64827 | P17: RWD | Q17: 2.4 | R17: ขาว | S17: MT | T17: ดีเซล | U17: สุวินทวงศ์ | V17: ถูกยึดคืน
C18: หมายเหตุ: มีค่าปรับ M-FLOW 330 บาท ค่าเช็คต้น 100 บาท ภาษีหมดอายุ 02-12-23 ผู้ซื้อต้องดำเนินการต่อภาษีเอง กรณีไม่มีป้ายภาษี ผู้ซื้อต้องรับผิดชอบคัดป้ายใหม่เอง กรณีรถติดอายัดจราจร หรือ มีค่าใช้จ่ายคงค้างจากการใช้ทางด่วน/M-flow ผู้ซื้อเป็นผู้รับผิดชอบค่าใช้จ่ายทุกกรณี
B19: 1009 | C19: Mazda | D19: 3 | F19: SP Sports | G19: A+ | H19: 612000 | I19: 19600 | J19: 698000 | K19: 2022 | L19: 5ขพ-9820 | M19: กรุงเทพมหานคร | N19: 2024 | O19: 19887 | P19: FWD | Q19: 2 | R19: น้ำตาล | S19: AT | T19: เบนซิน | U19: สุวินทวงศ์ | V19: ถูกยึดคืน
C20: หมายเหตุ: ค่าเช็คต้น 100 บาท ภาษีหมดอายุ 15-08-25 ผู้ซื้อต้องดำเนินการต่อภาษีเอง กรณีไม่มีป้ายภาษี ผู้ซื้อต้องรับผิดชอบคัดป้ายใหม่เอง กรณีรถติดอายัดจราจร หรือ มีค่าใช้จ่ายคงค้างจากการใช้ทางด่วน/M-flow ผู้ซื้อเป็นผู้รับผิดชอบค่าใช้จ่ายทุกกรณี
B21: 1010 | C21: Toyota | D21: Hilux Revo | E21: Single Cab | F21: Entry | G21: D | H21: 270000 | I21: 19600 | J21: 356000 | K21: 2022 | L21: บว-281 | M21: ชุมพร | N21: 2023 | O21: 111559 | P21: RWD | Q21: 2.8 | R21: เทา | S21: MT | T21: ดีเซล | U21: สุวินทวงศ์ | V21: ถูกยึดคืน
C22: หมายเหตุ: ค่าเช็คต้น 100 บาท ภาษีหมดอายุ 26-01-24 ผู้ซื้อต้องดำเนินการต่อภาษีเอง กรณีไม่มีป้ายภาษี ผู้ซื้อต้องรับผิดชอบคัดป้ายใหม่เอง กรณีรถติดอายัดจราจร หรือ มีค่าใช้จ่ายคงค้างจากการใช้ทางด่วน/M-flow ผู้ซื้อเป็นผู้รับผิดชอบค่าใช้จ่ายทุกกรณี
B23: 1011 | C23: Toyota | D23: Hilux Revo | E23: Smart Cab | F23: Prerunner Entry | G23: D | H23: 320000 | I23: 19600 | J23: 356000 | K23: 2022 | L23: บห-3304 | M23: พระนครศรีอยุธยา | N23: 2022 | O23: 55880 | P23: RWD | Q23: 2.4 | R23: เทา | S23: MT | T23: ดีเซล | U23: สุวินทวงศ์ | V23: ถูกยึดคืน
C24: หมายเหตุ: มีค่าปรับ M-FLOW 660 บาท ค่าเช็คต้น 100 บาท ภาษีหมดอายุ 23-05-23 ผู้ซื้อต้องดำเนินการต่อภาษีเอง กรณีไม่มีป้ายภาษี ผู้ซื้อต้องรับผิดชอบคัดป้ายใหม่เอง กรณีรถติดอายัดจราจร หรือ มีค่าใช้จ่ายคงค้างจากการใช้ทางด่วน/M-flow ผู้ซื้อเป็นผู้รับผิดชอบค่าใช้จ่ายทุกกรณี
B25: 1012 | C25: Toyota | D25: C-HR | F25: HV Hi | G25: C | H25: 255000 | I25: 19600 | J25: 387000 | K25: 2018 | L25: 8กฉ-1731 | M25: กรุงเทพมหานคร | N25: 2019 | O25: 88956 | P25: FWD | Q25: 1.8 | R25: เทา | S25: AT | T25: ไฮบริด | U25: สุวินทวงศ์ | V25: ถูกยึดคืน
C26: หมายเหตุ: ค่าเช็คต้น 100 บาท ภาษีหมดอายุ 03-01-25 ผู้ซื้อต้องดำเนินการต่อภาษีเอง กรณีไม่มีป้ายภาษี ผู้ซื้อต้องรับผิดชอบคัดป้ายใหม่เอง กรณีรถติดอายัดจราจร หรือ มีค่าใช้จ่ายคงค้างจากการใช้ทางด่วน/M-flow ผู้ซื้อเป็นผู้รับผิดชอบค่าใช้จ่ายทุกกรณี
B27: 1013 | C27: Toyota | D27: Hilux Revo | E27: Single Cab | F27: Entry | G27: D | H27: 362000 | I27: 20900 | J27: 420000 | K27: 2023 | L27: ผพ-4262 | M27: อุดรธานี | N27: 2023 | O27: 41326 | P27: 4WD | Q27: 2.8 | R27: เทา | S27: MT | T27: ดีเซล | U27: สุวินทวงศ์ | V27: ถูกยึดคืน
C28: หมายเหตุ: รถจดทะเบียนลักษณะกระบะบรรทุก(แบบยกได้) ค่าเช็คต้น 100 บาท ภาษีหมดอายุ 10-04-24 ผู้ซื้อต้องดำเนินการต่อภาษีเอง กรณีไม่มีป้ายภาษี ผู้ซื้อต้องรับผิดชอบคัดป้ายใหม่เอง กรณีรถติดอายัดจราจร หรือ มีค่าใช้จ่ายคงค้างจากการใช้ทางด่วน/M-flow ผู้ซื้อเป็นผู้รับผิดชอบค่าใช้จ่ายทุกกรณี
B29: 1014 | C29: Toyota | D29: Hilux Vigo | E29: Double Cab | F29: Prerunner E | G29: B | H29: 160000 | I29: 18400 | J29: 280000 | K29: 2013 | L29: ขท-5928 | M29: ชลบุรี | N29: 2013 | O29: 122017 | P29: RWD | Q29: 2.5 | R29: ดำ | S29: AT | T29: ดีเซล | U29: สุวินทวงศ์ | V29: ถูกยึดคืน
C30: หมายเหตุ: เลขเครื่องเป็นสนิม ขายตามสภาพ มีค่าปรับ M-FLOW 1,980 บาท ค่าเช็คต้น 100 บาท ภาษีหมดอายุ 20-05-24 ผู้ซื้อต้องดำเนินการต่อภาษีเอง กรณีไม่มีป้ายภาษี ผู้ซื้อต้องรับผิดชอบคัดป้ายใหม่เอง กรณีรถติดอายัดจราจร หรือ มีค่าใช้จ่ายคงค้างจากการใช้ทางด่วน/M-flow ผู้ซื้อเป็นผู้รับผิดชอบค่าใช้จ่ายทุกกรณี
B31: 1015 | C31: Toyota | D31: Yaris | F31: Sport | G31: D | H31: 260000 | I31: 18900 | J31: 330000 | K31: 2023 | L31: กย-9674 | M31: กาญจนบุรี | N31: 2023 | O31: 10172 | P31: FWD | Q31: 1.2 | R31: เทา | S31: AT | T31: เบนซิน | U31: สุวินทวงศ์ | V31: ถูกยึดคืน
C32: หมายเหตุ: ค่าเช็คต้น 100 บาท ภาษีหมดอายุ 02-06-24 ผู้ซื้อต้องดำเนินการต่อภาษีเอง กรณีไม่มีป้ายภาษี ผู้ซื้อต้องรับผิดชอบคัดป้ายใหม่เอง กรณีรถติดอายัดจราจร หรือ มีค่าใช้จ่ายคงค้างจากการใช้ทางด่วน/M-flow ผู้ซื้อเป็นผู้รับผิดชอบค่าใช้จ่ายทุกกรณี
B33: 1016 | C33: Toyota | D33: Camry | F33: HEV Premium | G33: B | H33: 701000 | I33: 32196 | J33: 866000 | K33: 2021 | L33: 1ขล-1552 | M33: กรุงเทพมหานคร | N33: 2021 | O33: 91800 | P33: FWD | Q33: 2.5 | R33: ดำ | S33: AT | T33: ไฮบริด | U33: สุวินทวงศ์ | V33: Op-เช่า
C34: หมายเหตุ: บังคับโอนกรรมสิทธิ์ผ่านผู้ขาย ค่าโอนกรรมสิทธิ์ 3000 บาท ค่าภาษีเรียกเก็บคืนผู้ขาย 9,696 บาท
B35: 1017 | C35: Honda | D35: Accord | F35: TURBO EL | G35: B | H35: 571000 | I35: 21294 | J35: 721000 | K35: 2021 | L35: 2ขฉ-6090 | M35: กรุงเทพมหานคร | N35: 2021 | O35: 88927 | P35: FWD | Q35: 1.5 | R35: ดำ | S35: AT | T35: เบนซิน | U35: สุวินทวงศ์ | V35: Op-เช่า
C36: หมายเหตุ: บังคับโอนกรรมสิทธิ์ผ่านผู้ขาย ค่าโอนกรรมสิทธิ์ 3000 บาท ค่าภาษีเรียกเก็บคืนผู้ขาย 3,294 บาท
B37: 1018 | C37: Toyota | D37: Fortuner | F37: V | G37: C | H37: 760000 | I37: 18000 | J37: 736000 | K37: 2019 | L37: 9กฐ-4197 | M37: กรุงเทพมหานคร | N37: 2019 | O37: 184612 | P37: 4WD | Q37: 2.4 | R37: ดำ | S37: AT | T37: ดีเซล | U37: สุวินทวงศ์
C38: หมายเหตุ: บังคับโอน 2 ต่อ ค่าโอนกรรมสิทธิ์ 3000 บาท กรณีติดอายัดจราจรผู้ซื้อเป็นผู้รับผิดชอบทุกกรณี
B39: 1019 | C39: Toyota | D39: Hilux Revo | E39: Double Cab | F39: Z Edition Entry | G39: A+ | H39: 460000 | I39: 16600 | J39: 0 | K39: 2023 | L39: 5ขฆ-5729 | M39: กรุงเทพมหานคร | N39: 2024 | O39: 6126 | P39: RWD | Q39: 2.4 | R39: เทา | S39: AT | T39: ดีเซล | U39: สุวินทวงศ์ | V39: ถูกยึดคืน
C40: หมายเหตุ: ค่าเช็คต้น 100 บาท ภาษีหมดอายุ 19-01-25 ผู้ซื้อต้องดำเนินการต่อภาษีเอง กรณีไม่มีป้ายภาษี ผู้ซื้อต้องรับผิดชอบคัดป้ายใหม่เอง กรณีรถติดอายัดจราจร หรือ มีค่าใช้จ่ายคงค้างจากการใช้ทางด่วน/M-flow ผู้ซื้อเป็นผู้รับผิดชอบค่าใช้จ่ายทุกกรณี
B41: 1020 | C41: Toyota | D41: Hilux Revo | E41: Smart Cab | F41: Z Edition Mid | G41: E | H41: 232000 | I41: 19600 | J41: 284000 | K41: 2020 | L41: 3ฒข-4263 | M41: กรุงเทพมหานคร | N41: 2020 | O41: 139963 | P41: RWD | Q41: 2.4 | R41: ขาว | S41: AT | T41: ดีเซล | U41: สุวินทวงศ์ | V41: ถูกยึดคืน
C42: หมายเหตุ: ค่าเช็คต้น 100 บาท ภาษีหมดอายุ 08-09-24 ผู้ซื้อต้องดำเนินการต่อภาษีเอง กรณีไม่มีป้ายภาษี ผู้ซื้อต้องรับผิดชอบคัดป้ายใหม่เอง กรณีรถติดอายัดจราจร หรือ มีค่าใช้จ่ายคงค้างจากการใช้ทางด่วน/M-flow ผู้ซื้อเป็นผู้รับผิดชอบค่าใช้จ่ายทุกกรณี
B43: 1021 | C43: Toyota | D43: Hilux Revo | E43: Smart Cab | F43: Z Edition Entry | G43: B | H43: 260000 | I43: 19600 | J43: 390000 | K43: 2024 | L43: ผก-4292 | M43: พระนครศรีอยุธยา | N43: 2024 | O43: 4910 | P43: RWD | Q43: 2.4 | R43: ขาว | S43: MT | T43: ดีเซล | U43: สุวินทวงศ์ | V43: ถูกยึดคืน
C44: หมายเหตุ: ค่าเช็คต้น 100 บาท ภาษีหมดอายุ 29-04-25 ผู้ซื้อต้องดำเนินการต่อภาษีเอง กรณีไม่มีป้ายภาษี ผู้ซื้อต้องรับผิดชอบคัดป้ายใหม่เอง กรณีรถติดอายัดจราจร หรือ มีค่าใช้จ่ายคงค้างจากการใช้ทางด่วน/M-flow ผู้ซื้อเป็นผู้รับผิดชอบค่าใช้จ่ายทุกกรณี
B45: 1022 | C45: Toyota | D45: Corolla Altis | F45: G | G45: E | H45: 155000 | I45: 18900 | J45: 201000 | K45: 2014 | L45: 3กพ-9385 | M45: กรุงเทพมหานคร | N45: 2014 | O45: 161940 | P45: FWD | Q45: 1.8 | R45: ขาว | S45: AT | T45: เบนซิน | U45: สุวินทวงศ์ | V45: ถูกยึดคืน
C46: หมายเหตุ: ค่าเช็คต้น 100 บาท ภาษีหมดอายุ 18-09-23 ผู้ซื้อต้องดำเนินการต่อภาษีเอง กรณีไม่มีป้ายภาษี ผู้ซื้อต้องรับผิดชอบคัดป้ายใหม่เอง กรณีรถติดอายัดจราจร หรือ มีค่าใช้จ่ายคงค้างจากการใช้ทางด่วน/M-flow ผู้ซื้อเป็นผู้รับผิดชอบค่าใช้จ่ายทุกกรณี
B47: 1023 | C47: Toyota | D47: Hilux Revo | E47: Smart Cab | F47: Z Edition Entry | G47: C | H47: 230000 | I47: 19600 | J47: 282000 | K47: 2021 | L47: บธ-5396 | M47: ชัยนาท | N47: 2022 | O47: 20497 | P47: RWD | Q47: 2.4 | R47: เทา | S47: MT | T47: ดีเซล | U47: สุวินทวงศ์ | V47: ถูกยึดคืน
C48: หมายเหตุ: ค่าเช็คต้น 100 บาท ภาษีหมดอายุ 15-08-24 ผู้ซื้อต้องดำเนินการต่อภาษีเอง กรณีไม่มีป้ายภาษี ผู้ซื้อต้องรับผิดชอบคัดป้ายใหม่เอง กรณีรถติดอายัดจราจร หรือ มีค่าใช้จ่ายคงค้างจากการใช้ทางด่วน/M-flow ผู้ซื้อเป็นผู้รับผิดชอบค่าใช้จ่ายทุกกรณี
B49: 1024 | C49: Toyota | D49: Yaris | F49: Entry | G49: B | H49: 250000 | I49: 19600 | J49: 292000 | K49: 2022 | L49: กบ-6231 | M49: กระบี่ | N49: 2022 | O49: 23756 | P49: FWD | Q49: 1.2 | R49: เทา | S49: AT | T49: เบนซิน | U49: สุวินทวงศ์ | V49: ถูกยึดคืน
C50: หมายเหตุ: ค่าเช็คต้น 100 บาท ภาษีหมดอายุ 19-07-24 ผู้ซื้อต้องดำเนินการต่อภาษีเอง กรณีไม่มีป้ายภาษี ผู้ซื้อต้องรับผิดชอบคัดป้ายใหม่เอง กรณีรถติดอายัดจราจร หรือ มีค่าใช้จ่ายคงค้างจากการใช้ทางด่วน/M-flow ผู้ซื้อเป็นผู้รับผิดชอบค่าใช้จ่ายทุกกรณี
B51: 1025 | C51: Toyota | D51: Hilux Revo | E51: Double Cab | F51: Prerunner Mid | G51: C | H51: 410000 | I51: 19600 | J51: 518000 | K51: 2020 | L51: 1ขฎ-6926 | M51: กรุงเทพมหานคร | N51: 2020 | O51: 51947 | P51: RWD | Q51: 2.4 | R51: น้ำเงิน | S51: AT | T51: ดีเซล | U51: สุวินทวงศ์ | V51: ถูกยึดคืน
C52: หมายเหตุ: ค่าเช็คต้น 100 บาท ภาษีหมดอายุ 22-09-24 ผู้ซื้อต้องดำเนินการต่อภาษีเอง กรณีไม่มีป้ายภาษี ผู้ซื้อต้องรับผิดชอบคัดป้ายใหม่เอง กรณีรถติดอายัดจราจร หรือ มีค่าใช้จ่ายคงค้างจากการใช้ทางด่วน/M-flow ผู้ซื้อเป็นผู้รับผิดชอบค่าใช้จ่ายทุกกรณี
B53: 1026 | C53: Toyota | D53: Hilux Revo | E53: Smart Cab | F53: Z Edition Entry | G53: D | H53: 210000 | I53: 15500 | J53: 246000 | K53: 2022 | L53: ไม่มีป้ายทะเบียน#8074 | M53: - | O53: 32751 | P53: RWD | Q53: 2.4 | R53: ขาว ดำ | S53: MT | T53: ดีเซล | U53: สุวินทวงศ์ | V53: ถูกยึดคืน
C54: หมายเหตุ: รถป้ายแดง ไม่มีแผ่นป้ายทะเบียน มีเอกสารชุดแจ้งจำหน่าย ผู้ประมูลต้องดำเนินการจดป้ายใหม่เอง แซสซีเป็นสนิม สีไม่ตรง ขายตามสภาพ ผู้ซื้อดำเนินการเอง กรณีรถติดอายัดจราจร หรือ มีค่าใช้จ่ายคงค้างจากการใช้ทางด่วน/M-flow ผู้ซื้อเป็นผู้รับผิดชอบค่าใช้จ่ายทุกกรณี
B55: 1027 | C55: Toyota | D55: Yaris Ativ | F55: S+ | G55: A | H55: 220000 | I55: 20400 | J55: 296000 | K55: 2019 | L55: กษ-93 | M55: นครสวรรค์ | N55: 2019 | O55: 47054 | P55: FWD | Q55: 1.2 | R55: เทา | S55: AT | T55: เบนซิน | U55: สุวินทวงศ์ | V55: ถูกยึดคืน
C56: หมายเหตุ: ค่าเช็คต้น 100 บาท ภาษีหมดอายุ 13-11-23 ผู้ซื้อต้องดำเนินการต่อภาษีเอง กรณีไม่มีป้ายภาษี ผู้ซื้อต้องรับผิดชอบคัดป้ายใหม่เอง กรณีรถติดอายัดจราจร หรือ มีค่าใช้จ่ายคงค้างจากการใช้ทางด่วน/M-flow ผู้ซื้อเป็นผู้รับผิดชอบค่าใช้จ่ายทุกกรณี
B57: 1028 | C57: Toyota | D57: Hilux Revo | E57: Smart Cab | F57: Z Edition J Plus | G57: E | H57: 160000 | I57: 20400 | J57: 195000 | K57: 2019 | L57: ผก-5933 | M57: พิษณุโลก | N57: 2020 | O57: 69873 | P57: RWD | Q57: 2.4 | R57: เทา | S57: MT | T57: ดีเซล | U57: สุวินทวงศ์ | V57: ถูกยึดคืน
C58: หมายเหตุ: ค่าเช็คต้น 100 บาท ภาษีหมดอายุ 27-02-25 ผู้ซื้อต้องดำเนินการต่อภาษีเอง กรณีไม่มีป้ายภาษี ผู้ซื้อต้องรับผิดชอบคัดป้ายใหม่เอง กรณีรถติดอายัดจราจร หรือ มีค่าใช้จ่ายคงค้างจากการใช้ทางด่วน/M-flow ผู้ซื้อเป็นผู้รับผิดชอบค่าใช้จ่ายทุกกรณี
B59: 1029 | C59: Toyota | D59: Hilux Revo | E59: Smart Cab | F59: Prerunner E Plus | G59: D | H59: 256000 | I59: 19600 | J59: 370000 | K59: 2017 | L59: บย-3123 | M59: ชุมพร | N59: 2017 | O59: 142210 | P59: 4WD | Q59: 2.4 | R59: ดำ | S59: MT | T59: ดีเซล | U59: สุวินทวงศ์ | V59: ถูกยึดคืน
C60: หมายเหตุ: ค่าเช็คต้น 100 บาท ภาษีหมดอายุ 05-09-24 ผู้ซื้อต้องดำเนินการต่อภาษีเอง กรณีไม่มีป้ายภาษี ผู้ซื้อต้องรับผิดชอบคัดป้ายใหม่เอง กรณีรถติดอายัดจราจร หรือ มีค่าใช้จ่ายคงค้างจากการใช้ทางด่วน/M-flow ผู้ซื้อเป็นผู้รับผิดชอบค่าใช้จ่ายทุกกรณี
B61: 1030 | C61: Toyota | D61: Fortuner | F61: V | G61: B | H61: 767000 | I61: 26944 | J61: 823000 | K61: 2021 | L61: 9กฬ-6153 | M61: กรุงเทพมหานคร | N61: 2021 | O61: 98361 | P61: RWD | Q61: 2.4 | R61: เทา | S61: AT | T61: ดีเซล | U61: สุวินทวงศ์ | V61: Op-เช่า
C62: หมายเหตุ: บังคับโอนกรรมสิทธิ์ผ่านผู้ขาย ค่าโอนกรรมสิทธิ์ 3000 บาท ค่าภาษีเรียกเก็บคืนผู้ขาย 8,944 บาท
B63: 1031 | C63: Toyota | D63: Alphard | F63: HV | G63: B | H63: 1870000 | I63: 28752 | J63: 1975000 | K63: 2021 | L63: 2ขฒ-7414 | M63: กรุงเทพมหานคร | N63: 2021 | O63: 102779 | P63: FWD | Q63: 2.5 | R63: ขาว | S63: AT | T63: ไฮบริด | U63: สุวินทวงศ์ | V63: Op-เช่า
C64: หมายเหตุ: บังคับโอนกรรมสิทธิ์ผ่านผู้ขาย ค่าโอนกรรมสิทธิ์ 4000 บาท ค่าภาษีเรียกเก็บคืนผู้ขาย 9,752 บาท
B65: 1032 | C65: Toyota | D65: Hiace | F65: GL | G65: D | H65: 589000 | I65: 19000 | J65: 733000 | K65: 2023 | L65: 1นจ-3714 | M65: กรุงเทพมหานคร | N65: 2023 | O65: 68952 | P65: RWD | Q65: 2.8 | R65: เทา | S65: MT | T65: ดีเซล | U65: สุวินทวงศ์ | V65: Op-เช่า
C66: หมายเหตุ: บังคับโอนกรรมสิทธิ์ผ่านผู้ขาย ค่าโอนกรรมสิทธิ์ 4000 บาท
B67: 1033 | C67: Toyota | D67: Hilux Revo | E67: Double Cab | F67: E Plus | G67: E | H67: 370000 | I67: 18000 | J67: 384000 | K67: 2019 | L67: 9กฒ-3143 | M67: กรุงเทพมหานคร | N67: 2019 | O67: 191609 | P67: RWD | Q67: 2.4 | R67: ดำ | S67: AT | T67: ดีเซล | U67: สุวินทวงศ์
C68: หมายเหตุ: บังคับโอน 2 ต่อ ค่าโอนกรรมสิทธิ์ 3000 บาท กรณีติดอายัดจราจรผู้ซื้อเป็นผู้รับผิดชอบทุกกรณี
B69: 1034 | C69: Toyota | D69: Hilux Revo | E69: Smart Cab | F69: Entry | G69: A | H69: 294000 | I69: 19900 | J69: 256000 | K69: 2022 | L69: 3ฒภ-8455 | M69: กรุงเทพมหานคร | N69: 2022 | O69: 36743 | P69: RWD | Q69: 2.4 | R69: ขาว | S69: MT | T69: ดีเซล | U69: สุวินทวงศ์ | V69: Op-เช่า
C70: หมายเหตุ: ผู้ซื้อต้องดำเนินการโอนภายใน 45 วัน หากเกินกำหนด ขอเอกสารใหม่ มีค่าใช้จ่าย 2,000 บาท ผู้ขายยกเลิกประกันภัยภาคสมัครใจ และ พรบ. แล้ว กรณีรถติดอายัดในเรื่องของจราจร ผู้ซื้อเป็นผู้รับผิดชอบค่าใช้จ่ายทุกกรณี ค่าดำเนินการอื่น 5,000 บาท (ไม่รวม Vat) ไม่มีแผ่นป้ายภาษี ผู้ซื้อดำเนินการคัดป้ายใหม่เอง
B71: 1035 | C71: Toyota | D71: Yaris | F71: Sport | G71: C | H71: 230000 | I71: 18900 | J71: 284000 | K71: 2022 | L71: งบ-2356 | M71: นครราชสีมา | N71: 2022 | O71: 77293 | P71: FWD | Q71: 1.2 | R71: เทา | S71: AT | T71: เบนซิน | U71: สุวินทวงศ์ | V71: ถูกยึดคืน
C72: หมายเหตุ: มีค่าปรับ M-FLOW 990 บาท ค่าเช็คต้น 100 บาท ภาษีหมดอายุ 08-06-25 ผู้ซื้อต้องดำเนินการต่อภาษีเอง กรณีไม่มีป้ายภาษี ผู้ซื้อต้องรับผิดชอบคัดป้ายใหม่เอง กรณีรถติดอายัดจราจร หรือ มีค่าใช้จ่ายคงค้างจากการใช้ทางด่วน/M-flow ผู้ซื้อเป็นผู้รับผิดชอบค่าใช้จ่ายทุกกรณี
B73: 1036 | C73: Toyota | D73: Hilux Revo | E73: Smart Cab | F73: Z Edition Entry | G73: A | H73: 260000 | I73: 17400 | J73: 330000 | K73: 2023 | L73: บธ-9584 | M73: อ่างทอง | N73: 2024 | O73: 14389 | P73: RWD | Q73: 2.4 | R73: ดำ | S73: MT | T73: ดีเซล | U73: สุวินทวงศ์ | V73: ถูกยึดคืน
C74: หมายเหตุ: มีค่าปรับ M-FLOW 660 บาท ค่าเช็คต้น 100 บาท ภาษีหมดอายุ 18-04-25 ผู้ซื้อต้องดำเนินการต่อภาษีเอง กรณีไม่มีป้ายภาษี ผู้ซื้อต้องรับผิดชอบคัดป้ายใหม่เอง กรณีรถติดอายัดจราจร หรือ มีค่าใช้จ่ายคงค้างจากการใช้ทางด่วน/M-flow ผู้ซื้อเป็นผู้รับผิดชอบค่าใช้จ่ายทุกกรณี
B75: 1037 | C75: Toyota | D75: Hilux Revo | E75: Single Cab | F75: Entry | G75: E | H75: 242000 | I75: 19600 | J75: 330000 | K75: 2023 | L75: 3ฒห-295 | M75: กรุงเทพมหานคร | N75: 2023 | O75: 98416 | P75: RWD | Q75: 2.4 | R75: ขาว | S75: MT | T75: ดีเซล | U75: สุวินทวงศ์ | V75: ถูกยึดคืน
C76: หมายเหตุ: รถติดสติ๊กเกอร์ ขายตามสภาพ มีค่าปรับ M-FLOW 990 บาท ค่าเช็คต้น 100 บาท ภาษีหมดอายุ 15-11-24 ผู้ซื้อต้องดำเนินการต่อภาษีเอง กรณีไม่มีป้ายภาษี ผู้ซื้อต้องรับผิดชอบคัดป้ายใหม่เอง กรณีรถติดอายัดจราจร หรือ มีค่าใช้จ่ายคงค้างจากการใช้ทางด่วน/M-flow ผู้ซื้อเป็นผู้รับผิดชอบค่าใช้จ่ายทุกกรณี
B77: 1038 | C77: Toyota | D77: Yaris Ativ | F77: Smart | G77: E | H77: 300000 | I77: 20900 | J77: 320000 | K77: 2023 | L77: ขจ-8437 | M77: อุบลราชธานี | N77: 2023 | O77: 30078 | P77: FWD | Q77: 1.2 | R77: ขาว | S77: AT | T77: เบนซิน | U77: สุวินทวงศ์ | V77: ถูกยึดคืน
C78: หมายเหตุ: ค่าเช็คต้น 100 บาท ภาษีหมดอายุ 20-10-24 ผู้ซื้อต้องดำเนินการต่อภาษีเอง กรณีไม่มีป้ายภาษี ผู้ซื้อต้องรับผิดชอบคัดป้ายใหม่เอง กรณีรถติดอายัดจราจร หรือ มีค่าใช้จ่ายคงค้างจากการใช้ทางด่วน/M-flow ผู้ซื้อเป็นผู้รับผิดชอบค่าใช้จ่ายทุกกรณี
B79: 1039 | C79: Toyota | D79: Hilux Revo | E79: Double Cab | F79: Prerunner Rocco | G79: A | H79: 590000 | I79: 20100 | J79: 725000 | K79: 2022 | L79: ขอ-4907 | M79: ขอนแก่น | N79: 2022 | O79: 35704 | P79: RWD | Q79: 2.4 | R79: น้ำตาล | S79: AT | T79: ดีเซล | U79: สุวินทวงศ์ | V79: ถูกยึดคืน
C80: หมายเหตุ: ค่าเช็คต้น 100 บาท ภาษีหมดอายุ 05-08-24 ผู้ซื้อต้องดำเนินการต่อภาษีเอง กรณีไม่มีป้ายภาษี ผู้ซื้อต้องรับผิดชอบคัดป้ายใหม่เอง กรณีรถติดอายัดจราจร หรือ มีค่าใช้จ่ายคงค้างจากการใช้ทางด่วน/M-flow ผู้ซื้อเป็นผู้รับผิดชอบค่าใช้จ่ายทุกกรณี
B81: 1040 | C81: Toyota | D81: Hilux Revo | E81: Smart Cab | F81: Prerunner E | G81: D | H81: 180000 | I81: 20400 | J81: 0 | K81: 2015 | L81: บน-4651 | M81: อุตรดิตถ์ | N81: 2017 | O81: 72555 | P81: RWD | Q81: 2.7 | R81: เทา | S81: MT | T81: เบนซิน | U81: สุวินทวงศ์ | V81: ถูกยึดคืน
C82: หมายเหตุ: มีค่าปรับ M-FLOW 660 บาท ค่าเช็คต้น 100 บาท ภาษีหมดอายุ 09-02-25 ผู้ซื้อต้องดำเนินการต่อภาษีเอง กรณีไม่มีป้ายภาษี ผู้ซื้อต้องรับผิดชอบคัดป้ายใหม่เอง กรณีรถติดอายัดจราจร หรือ มีค่าใช้จ่ายคงค้างจากการใช้ทางด่วน/M-flow ผู้ซื้อเป็นผู้รับผิดชอบค่าใช้จ่ายทุกกรณี
B83: 1041 | C83: Toyota | D83: Hilux Revo | E83: Smart Cab | F83: Z Edition Mid | G83: B | H83: 212000 | I83: 18900 | J83: 299000 | K83: 2020 | L83: ยธ-7701 | M83: นครราชสีมา | N83: 2021 | O83: 41204 | P83: RWD | Q83: 2.4 | R83: เทา | S83: MT | T83: ดีเซล | U83: สุวินทวงศ์ | V83: ถูกยึดคืน
C84: หมายเหตุ: ค่าเช็คต้น 100 บาท ภาษีหมดอายุ 19-10-24 ผู้ซื้อต้องดำเนินการต่อภาษีเอง กรณีไม่มีป้ายภาษี ผู้ซื้อต้องรับผิดชอบคัดป้ายใหม่เอง กรณีรถติดอายัดจราจร หรือ มีค่าใช้จ่ายคงค้างจากการใช้ทางด่วน/M-flow ผู้ซื้อเป็นผู้รับผิดชอบค่าใช้จ่ายทุกกรณี
B85: 1042 | C85: Toyota | D85: Yaris Ativ | F85: Entry | G85: C | H85: 185000 | I85: 17400 | J85: 199000 | K85: 2019 | L85: 9กส-7119 | M85: กรุงเทพมหานคร | N85: 2020 | O85: 51866 | P85: FWD | Q85: 1.2 | R85: แดง | S85: AT | T85: เบนซิน | U85: สุวินทวงศ์ | V85: ถูกยึดคืน
C86: หมายเหตุ: ค่าเช็คต้น 100 บาท ภาษีหมดอายุ 23-04-25 ผู้ซื้อต้องดำเนินการต่อภาษีเอง กรณีไม่มีป้ายภาษี ผู้ซื้อต้องรับผิดชอบคัดป้ายใหม่เอง กรณีรถติดอายัดจราจร หรือ มีค่าใช้จ่ายคงค้างจากการใช้ทางด่วน/M-flow ผู้ซื้อเป็นผู้รับผิดชอบค่าใช้จ่ายทุกกรณี
B87: 1043 | C87: Toyota | D87: Hilux Revo | E87: Smart Cab | F87: Prerunner E Plus | G87: B | H87: 210000 | I87: 19600 | J87: 288000 | K87: 2016 | L87: บท-7161 | M87: อุทัยธานี | N87: 2016 | O87: 131195 | P87: RWD | Q87: 2.4 | R87: ดำ | S87: MT | T87: ดีเซล | U87: สุวินทวงศ์ | V87: ถูกยึดคืน
C88: หมายเหตุ: ค่าเช็คต้น 100 บาท ภาษีหมดอายุ 27-09-24 ผู้ซื้อต้องดำเนินการต่อภาษีเอง กรณีไม่มีป้ายภาษี ผู้ซื้อต้องรับผิดชอบคัดป้ายใหม่เอง กรณีรถติดอายัดจราจร หรือ มีค่าใช้จ่ายคงค้างจากการใช้ทางด่วน/M-flow ผู้ซื้อเป็นผู้รับผิดชอบค่าใช้จ่ายทุกกรณี
B89: 1044 | C89: Toyota | D89: Hilux Revo | E89: Single Cab | F89: Entry | G89: B | H89: 260000 | I89: 20600 | J89: 316000 | K89: 2023 | L89: ผต-9757 | M89: นครสวรรค์ | N89: 2024 | O89: 123314 | P89: RWD | Q89: 2.8 | R89: ขาว | S89: MT | T89: ดีเซล | U89: สุวินทวงศ์ | V89: ถูกยึดคืน
C90: หมายเหตุ: ค่าเช็คต้น 100 บาท ภาษีหมดอายุ 07-02-25 ผู้ซื้อต้องดำเนินการต่อภาษีเอง กรณีไม่มีป้ายภาษี ผู้ซื้อต้องรับผิดชอบคัดป้ายใหม่เอง กรณีรถติดอายัดจราจร หรือ มีค่าใช้จ่ายคงค้างจากการใช้ทางด่วน/M-flow ผู้ซื้อเป็นผู้รับผิดชอบค่าใช้จ่ายทุกกรณี
B91: 1045 | C91: Mercedes-Benz | D91: E350 | F91: e Exclusive | G91: B | H91: 876000 | I91: 16500 | J91: 850000 | K91: 2019 | L91: 8กย-4484 | M91: กรุงเทพมหานคร | N91: 2019 | O91: 103094 | P91: RWD | Q91: 2 | R91: เทา | S91: AT | T91: ไฮบริด | U91: สุวินทวงศ์
C92: หมายเหตุ: เล่มทะเบียนชุดโอนจัดส่งภายใน 30 วัน หลังการประมูล หากเอกสารหมดอายุ ขอเอกสารใหม่ มีค่าใช้จ่าย 1,500 บาท
B93: 1046 | C93: Mercedes-Benz | D93: E350 | F93: e Exclusive | G93: C | H93: 778000 | I93: 16500 | J93: 760000 | K93: 2018 | L93: 7กม-1075 | M93: กรุงเทพมหานคร | N93: 2018 | O93: 193042 | P93: RWD | Q93: 2 | R93: เทา | S93: AT | T93: ไฮบริด | U93: สุวินทวงศ์
C94: หมายเหตุ: เล่มทะเบียนชุดโอนจัดส่งภายใน 30 วัน หลังการประมูล หากเอกสารหมดอายุ ขอเอกสารใหม่ มีค่าใช้จ่าย 1,500 บาท ภาษีหมดอายุ ผู้ซื้อต้องต่อภาษีเอง
B95: 1047 | C95: Toyota | D95: Yaris Ativ | F95: Premium | G95: D | H95: 275000 | I95: 20100 | J95: 363000 | K95: 2023 | L95: งจ-2779 | M95: ขอนแก่น | N95: 2024 | O95: 78843 | P95: FWD | Q95: 1.2 | R95: ขาว | S95: AT | T95: เบนซิน | U95: สุวินทวงศ์ | V95: ถูกยึดคืน
C96: หมายเหตุ: ค่าเช็คต้น 100 บาท ภาษีหมดอายุ 04-01-25 ผู้ซื้อต้องดำเนินการต่อภาษีเอง กรณีไม่มีป้ายภาษี ผู้ซื้อต้องรับผิดชอบคัดป้ายใหม่เอง กรณีรถติดอายัดจราจร หรือ มีค่าใช้จ่ายคงค้างจากการใช้ทางด่วน/M-flow ผู้ซื้อเป็นผู้รับผิดชอบค่าใช้จ่ายทุกกรณี
B97: 1048 | C97: Toyota | D97: Hilux Revo | E97: Smart Cab | F97: Z Edition Entry | G97: B | H97: 242000 | I97: 17400 | J97: 324000 | K97: 2023 | L97: ผค-4594 | M97: สุพรรณบุรี | N97: 2024 | O97: 34560 | P97: RWD | Q97: 2.4 | R97: เทา | S97: MT | T97: ดีเซล | U97: สุวินทวงศ์ | V97: ถูกยึดคืน
C98: หมายเหตุ: ค่าเช็คต้น 100 บาท ภาษีหมดอายุ 05-03-25 ผู้ซื้อต้องดำเนินการต่อภาษีเอง กรณีไม่มีป้ายภาษี ผู้ซื้อต้องรับผิดชอบคัดป้ายใหม่เอง กรณีรถติดอายัดจราจร หรือ มีค่าใช้จ่ายคงค้างจากการใช้ทางด่วน/M-flow ผู้ซื้อเป็นผู้รับผิดชอบค่าใช้จ่ายทุกกรณี
B99: 1049 | C99: Toyota | D99: Corolla Altis | F99: G | G99: E | H99: 150000 | I99: 19600 | J99: 160000 | K99: 2016 | L99: 5กท-9282 | M99: กรุงเทพมหานคร | N99: 2016 | O99: 184524 | P99: FWD | Q99: 1.6 | R99: เทา | S99: AT | T99: เบนซิน | U99: สุวินทวงศ์ | V99: ถูกยึดคืน
C100: หมายเหตุ: ค่าเช็คต้น 100 บาท ภาษีหมดอายุ 20-12-24 กรณีภาษีหมดอายุ ผู้ซื้อต้องดำเนินการต่อภาษีเอง กรณีไม่มีป้ายภาษี ผู้ซื้อต้องรับผิดชอบคัดป้ายใหม่เอง กรณีรถติดอายัดจราจร หรือ มีค่าใช้จ่ายคงค้างจากการใช้ทางด่วน/M-flow ผู้ซื้อเป็นผู้รับผิดชอบค่าใช้จ่ายทุกกรณี
...

Sheet 13012025
C1: 45670 | D1: 95 | E1: =COUNTA(B:B)-1 -> 95
A2: รูปภาพ | B2: ลำดับที่ | C2: ยี่ห้อ | D2: รุ่น | E2: ประเภทรถกระบะ | F2: รุ่นย่อย | G2: เกรด | H2: ราคาเริ่มต้น (ไม่รวมvat) | I2: ค่าธรรมเนียม (ไม่รวมvat) | J2: ราคาสูงสุด | K2: ปีที่ผลิต | L2: ป้ายทะเบียนรถ | M2: จังหวัด | N2: ปีที่จดทะเบียน | O2: เลขไมล์ (กม.) | P2: ระบบขับเคลื่อน | Q2: ความจุ (CC) | R2: สี | S2: ระบบเกียร์ | T2: เชื้อเพลิง | U2: สถานที่จอดรถ | V2: ประเภทรถประมูล
B3: 1001 | C3: Toyota | D3: Corolla Cross | F3: Hybrid Premium Safety | G3: A+ | H3: 700000 | I3: 17400 | J3: 762000 | K3: 2022 | L3: 3ขฎ-7605 | M3: กรุงเทพมหานคร | N3: 2022 | O3: 27261 | P3: FWD | Q3: 1.8 | R3: ดำ | S3: AT | T3: ไฮบริด | U3: สุวินทวงศ์ | V3: ถูกยึดคืน
C4: หมายเหตุ: ค่าเช็คต้น 100 บาท ภาษีหมดอายุ 07-09-25 ผู้ซื้อต้องดำเนินการต่อภาษีเอง กรณีไม่มีป้ายภาษี ผู้ซื้อต้องรับผิดชอบคัดป้ายใหม่เอง กรณีรถติดอายัดจราจร หรือ มีค่าใช้จ่ายคงค้างจากการใช้ทางด่วน/M-flow ผู้ซื้อเป็นผู้รับผิดชอบค่าใช้จ่ายทุกกรณี
B5: 1002 | C5: Toyota | D5: Yaris | F5: Sport Premium | G5: A | H5: 290000 | I5: 15600 | J5: 362000 | K5: 2021 | L5: 2ขต-3947 | M5: กรุงเทพมหานคร | N5: 2021 | O5: 21261 | P5: FWD | Q5: 1.2 | R5: ขาว ดำ | S5: AT | T5: เบนซิน | U5: สุวินทวงศ์ | V5: ถูกยึดคืน
C6: หมายเหตุ: ค่าเช็คต้น 100 บาท ภาษีหมดอายุ 18-10-25 ผู้ซื้อต้องดำเนินการต่อภาษีเอง กรณีไม่มีป้ายภาษี ผู้ซื้อต้องรับผิดชอบคัดป้ายใหม่เอง กรณีรถติดอายัดจราจร หรือ มีค่าใช้จ่ายคงค้างจากการใช้ทางด่วน/M-flow ผู้ซื้อเป็นผู้รับผิดชอบค่าใช้จ่ายทุกกรณี
B7: 1003 | C7: Toyota | D7: Hilux Revo | E7: Smart Cab | F7: Z Edition Entry | G7: A+ | H7: 320000 | I7: 17400 | J7: 406000 | K7: 2023 | L7: ผพ-474 | M7: อุบลราชธานี | N7: 2024 | O7: 21114 | P7: RWD | Q7: 2.4 | R7: ขาว | S7: AT | T7: ดีเซล | U7: สุวินทวงศ์ | V7: ถูกยึดคืน
C8: หมายเหตุ: ค่าเช็คต้น 100 บาท ภาษีหมดอายุ 03-05-25 ผู้ซื้อต้องดำเนินการต่อภาษีเอง กรณีไม่มีป้ายภาษี ผู้ซื้อต้องรับผิดชอบคัดป้ายใหม่เอง กรณีรถติดอายัดจราจร หรือ มีค่าใช้จ่ายคงค้างจากการใช้ทางด่วน/M-flow ผู้ซื้อเป็นผู้รับผิดชอบค่าใช้จ่ายทุกกรณี
B9: 1004 | C9: Toyota | D9: Hilux Revo | E9: Single Cab | F9: Entry | G9: C | H9: 255000 | I9: 21600 | J9: 275000 | K9: 2022 | L9: ผผ-8608 | M9: สงขลา | N9: 2022 | O9: 35996 | P9: RWD | Q9: 2.8 | R9: เทา | S9: MT | T9: ดีเซล | U9: สุวินทวงศ์ | V9: ถูกยึดคืน
C10: หมายเหตุ: ค่าเช็คต้น 100 บาท ภาษีหมดอายุ 27-07-23 ผู้ซื้อต้องดำเนินการต่อภาษีเอง กรณีไม่มีป้ายภาษี ผู้ซื้อต้องรับผิดชอบคัดป้ายใหม่เอง กรณีรถติดอายัดจราจร หรือ มีค่าใช้จ่ายคงค้างจากการใช้ทางด่วน/M-flow ผู้ซื้อเป็นผู้รับผิดชอบค่าใช้จ่ายทุกกรณี
B11: 1005 | C11: Toyota | D11: Hilux Revo | E11: Double Cab | F11: Prerunner E Plus | G11: D | H11: 340000 | I11: 15600 | J11: 436000 | K11: 2018 | L11: 7กฮ-2298 | M11: กรุงเทพมหานคร | N11: 2018 | O11: 91388 | P11: RWD | Q11: 2.4 | R11: ดำ | S11: AT | T11: ดีเซล | U11: สุวินทวงศ์ | V11: ถูกยึดคืน
C12: หมายเหตุ: มีค่าปรับ M-FLOW 1,320 บาท ค่าเช็คต้น 100 บาท ภาษีหมดอายุ 02-11-22 ผู้ซื้อต้องดำเนินการต่อภาษีเอง กรณีไม่มีป้ายภาษี ผู้ซื้อต้องรับผิดชอบคัดป้ายใหม่เอง กรณีรถติดอายัดจราจร หรือ มีค่าใช้จ่ายคงค้างจากการใช้ทางด่วน/M-flow ผู้ซื้อเป็นผู้รับผิดชอบค่าใช้จ่ายทุกกรณี
B13: 1006 | C13: Toyota | D13: Yaris Ativ | F13: Sport | G13: C | H13: 300000 | I13: 19600 | J13: 352000 | K13: 2023 | L13: ขจ-7694 | M13: อุบลราชธานี | N13: 2023 | O13: 20828 | P13: FWD | Q13: 1.2 | R13: ขาว | S13: AT | T13: เบนซิน | U13: สุวินทวงศ์ | V13: ถูกยึดคืน
C14: หมายเหตุ: ค่าเช็คต้น 100 บาท ภาษีหมดอายุ 29-09-24 ผู้ซื้อต้องดำเนินการต่อภาษีเอง กรณีไม่มีป้ายภาษี ผู้ซื้อต้องรับผิดชอบคัดป้ายใหม่เอง กรณีรถติดอายัดจราจร หรือ มีค่าใช้จ่ายคงค้างจากการใช้ทางด่วน/M-flow ผู้ซื้อเป็นผู้รับผิดชอบค่าใช้จ่ายทุกกรณี
B15: 1007 | C15: Toyota | D15: Hilux Revo | E15: Double Cab | F15: Z Edition Entry | G15: B | H15: 320000 | I15: 18400 | J15: 374000 | K15: 2023 | L15: ขร-6957 | M15: ระยอง | N15: 2023 | O15: 41703 | P15: RWD | Q15: 2.4 | R15: เทา | S15: MT | T15: ดีเซล | U15: สุวินทวงศ์ | V15: ถูกยึดคืน
C16: หมายเหตุ: ค่าเช็คต้น 100 บาท ภาษีหมดอายุ 01-11-24 ผู้ซื้อต้องดำเนินการต่อภาษีเอง กรณีไม่มีป้ายภาษี ผู้ซื้อต้องรับผิดชอบคัดป้ายใหม่เอง กรณีรถติดอายัดจราจร หรือ มีค่าใช้จ่ายคงค้างจากการใช้ทางด่วน/M-flow ผู้ซื้อเป็นผู้รับผิดชอบค่าใช้จ่ายทุกกรณี
B17: 1008 | C17: Toyota | D17: Hilux Revo | E17: Smart Cab | F17: Z Edition Entry | G17: C | H17: 270000 | I17: 19600 | J17: 276000 | K17: 2022 | L17: บว-8130 | M17: กาฬสินธุ์ | N17: 2022 | O17: 119460 | P17: RWD | Q17: 2.4 | R17: ขาว | S17: MT | T17: ดีเซล | U17: สุวินทวงศ์ | V17: ถูกยึดคืน
C18: หมายเหตุ: ค่าเช็คต้น 100 บาท ภาษีหมดอายุ 21-04-25 ผู้ซื้อต้องดำเนินการต่อภาษีเอง กรณีไม่มีป้ายภาษี ผู้ซื้อต้องรับผิดชอบคัดป้ายใหม่เอง กรณีรถติดอายัดจราจร หรือ มีค่าใช้จ่ายคงค้างจากการใช้ทางด่วน/M-flow ผู้ซื้อเป็นผู้รับผิดชอบค่าใช้จ่ายทุกกรณี
B19: 1009 | C19: Toyota | D19: Hilux Revo | E19: Smart Cab | F19: Z Edition Entry | G19: C | H19: 360000 | I19: 16900 | J19: 360000 | K19: 2022 | L19: 3ฒภ-9353 | M19: กรุงเทพมหานคร | N19: 2022 | O19: 43765 | P19: RWD | Q19: 2.4 | R19: เทา | S19: AT | T19: ดีเซล | U19: สุวินทวงศ์
C20: หมายเหตุ: หากเอกสารหมดอายุหรือสูญหาย ขอเอกสารใหม่มีค่าใช้จ่าย 2,000 บาท
B21: 1010 | C21: Toyota | D21: Hilux Revo | E21: Single Cab | F21: J | G21: E | H21: 144000 | I21: 14500 | J21: 144000 | K21: 2018 | L21: 2ฒพ-2005 | M21: กรุงเทพมหานคร | N21: 2019 | O21: 289598 | P21: RWD | Q21: 2.4 | R21: ขาว แดง เขียว | S21: MT | T21: ดีเซล | U21: สุวินทวงศ์
C22: หมายเหตุ: ผู้ซื้อต้องทำการโอนกรรมสิทธิ์ 2 ต่อ เล่มทะเบียนชุดโอนจัดส่งภายใน 30 วัน หลังการประมูล หากเอกสารหมดอายุ ขอเอกสารใหม่ มีค่าใช้จ่าย 1,500 บาท กรณีภาษีหมดอายุ/ไม่มีป้ายภาษี ผู้ซื้อต้องต่อภาษีและรับผิดชอบคัดป้ายใหม่เอง
B23: 1011 | C23: Isuzu | D23: D-Max | E23: Double Cab | F23: Hi-Lander Z | G23: E | H23: 460000 | I23: 10000 | J23: 540000 | K23: 2022 | L23: 3ขก-1194 | M23: กรุงเทพมหานคร | N23: 2022 | O23: 99271 | P23: RWD | Q23: 1.9 | R23: เทา | S23: AT | T23: ดีเซล | U23: สุวินทวงศ์
C24: หมายเหตุ: (KA) กรณีเอกสารหมดอายุหรือสูญหาย ขอเอกสารใหม่มีค่าใช้จ่าย 500 บาท
B25: 1012 | C25: Mitsubishi | D25: Triton | E25: Smart Cab | F25: GLX | G25: C | H25: 180000 | I25: 10000 | J25: 206000 | K25: 2019 | L25: บว-9831 | M25: พระนครศรีอยุธยา | N25: 2020 | O25: 127812 | P25: RWD | Q25: 2.5 | R25: เทา | S25: MT | T25: ดีเซล | U25: สุวินทวงศ์
C26: หมายเหตุ: มีค่าปรับ M-flow 330 บาท กรณีเอกสารหมดอายุหรือสูญหาย ขอเอกสารใหม่มีค่าใช้จ่าย 500 บาท
B27: 1013 | C27: Toyota | D27: Yaris Ativ | F27: Sport | G27: C | H27: 220000 | I27: 10000 | J27: 282000 | K27: 2021 | L27: 2ขท-7813 | M27: กรุงเทพมหานคร | N27: 2022 | O27: 52994 | P27: FWD | Q27: 1.2 | R27: ขาว | S27: AT | T27: เบนซิน | U27: สุวินทวงศ์
C28: หมายเหตุ: ไม่มีแผ่นป้ายทะเบียนหลัง ผู้ซื้อดำเนินการคัดป้ายใหม่เอง รถติดอายัดจราจร มีใบสั่ง 1 ใบ ปรับ 500 บาท กรณีเอกสารหมดอายุหรือสูญหาย ขอเอกสารใหม่มีค่าใช้จ่าย 500 บาท
B29: 1014 | C29: Isuzu | D29: D-Max | E29: Double Cab | F29: Hi-Lander Z-Prestige | G29: C | H29: 220000 | I29: 10000 | J29: 282000 | K29: 2015 | L29: 5กณ-6097 | M29: กรุงเทพมหานคร | N29: 2016 | O29: 149793 | P29: RWD | Q29: 3 | R29: ขาว | S29: MT | T29: ดีเซล | U29: สุวินทวงศ์
C30: หมายเหตุ: กรณีเอกสารหมดอายุหรือสูญหาย ขอเอกสารใหม่มีค่าใช้จ่าย 500 บาท
B31: 1015 | C31: Toyota | D31: Fortuner | F31: Legender | G31: A | H31: 950000 | I31: 10000 | J31: 1072000 | K31: 2021 | L31: 2ขล-7769 | M31: กรุงเทพมหานคร | N31: 2022 | O31: 77282 | P31: 4WD | Q31: 2.4 | R31: ขาว ดำ | S31: AT | T31: ดีเซล | U31: สุวินทวงศ์
C32: หมายเหตุ: (KA) กรณีเอกสารหมดอายุหรือสูญหาย ขอเอกสารใหม่มีค่าใช้จ่าย 500 บาท
B33: 1016 | C33: Isuzu | D33: D-Max | E33: Smart Cab | F33: Hi-Lander L | G33: A | H33: 250000 | I33: 10000 | J33: 304000 | K33: 2019 | L33: 3ฒอ-6719 | M33: กรุงเทพมหานคร | N33: 2019 | O33: 74045 | P33: RWD | Q33: 1.9 | R33: ขาว | S33: MT | T33: ดีเซล | U33: สุวินทวงศ์
C34: หมายเหตุ: (KA) กรณีเอกสารหมดอายุหรือสูญหาย ขอเอกสารใหม่มีค่าใช้จ่าย 500 บาท
B35: 1017 | C35: Honda | D35: Civic | F35: S i-VTEC | G35: F | H35: 70000 | I35: 10000 | J35: 92000 | K35: 2009 | L35: 2ขต-7197 | M35: กรุงเทพมหานคร | N35: 2010 | O35: 150068 | P35: FWD | Q35: 1.8 | R35: เทา | S35: AT | T35: เบนซิน | U35: สุวินทวงศ์
C36: หมายเหตุ: ออกใบแทนคู่มือทะเบียนใหม่ กรณีรายการต่อเต็ม กรณีเอกสารหมดอายุหรือสูญหาย ขอเอกสารใหม่มีค่าใช้จ่าย 500 บาท
B37: 1018 | C37: Nissan | D37: March | F37: S | G37: C | H37: 80000 | I37: 10000 | J37: 86000 | K37: 2019 | L37: กธ-3201 | M37: สระแก้ว | N37: 2019 | O37: 68732 | P37: FWD | Q37: 1.2 | R37: ดำ | S37: MT | T37: เบนซิน | U37: สุวินทวงศ์
C38: หมายเหตุ: กรณีเอกสารหมดอายุหรือสูญหาย ขอเอกสารใหม่มีค่าใช้จ่าย 500 บาท
B39: 1019 | C39: Isuzu | D39: D-Max | E39: Double Cab | F39: Hi-Lander L DA | G39: B | H39: 420000 | I39: 10000 | J39: 522000 | K39: 2022 | L39: กธ-4506 | M39: สระแก้ว | N39: 2022 | O39: 21094 | P39: RWD | Q39: 1.9 | R39: เทา | S39: MT | T39: ดีเซล | U39: สุวินทวงศ์
C40: หมายเหตุ: (KA) รถติดอายัดจราจร มีใบสั่ง 1 ใบ ปรับ 500 บาท กรณีเอกสารหมดอายุหรือสูญหาย ขอเอกสารใหม่มีค่าใช้จ่าย 500 บาท
B41: 1020 | C41: Mazda | D41: BT-50 PRO | E41: Smart Cab | F41: Hi-Racer | G41: E | H41: 90000 | I41: 10000 | J41: 130000 | K41: 2014 | L41: 1ฒณ-9645 | M41: กรุงเทพมหานคร | N41: 2015 | O41: 202637 | P41: RWD | Q41: 2.2 | R41: เทา | S41: MT | T41: ดีเซล | U41: สุวินทวงศ์
C42: หมายเหตุ: เลขเครื่องเป็นสนิม ขายตามสภาพ กรณีเอกสารหมดอายุหรือสูญหาย ขอเอกสารใหม่มีค่าใช้จ่าย 500 บาท
B43: 1021 | C43: MG | D43: MG4 | F43: X | G43: A+ | H43: 360000 | I43: 10000 | J43: 425000 | K43: 2023 | L43: 5ขต-4899 | M43: กรุงเทพมหานคร | N43: 2024 | O43: 48536 | P43: RWD | Q43: 0 | R43: ขาว ดำ | S43: AT | T43: ไฟฟ้า | U43: สุวินทวงศ์
C44: หมายเหตุ: ไม่มีสายชาร์จรถไฟฟ้า ขายตามสภาพ รถติดอายัดจราจร มีใบสั่ง 3 ใบ ปรับ 1500 บาท กรณีเอกสารหมดอายุหรือสูญหาย ขอเอกสารใหม่มีค่าใช้จ่าย 500 บาท
B45: 1022 | C45: Honda | D45: HR-V | F45: EL | G45: E | H45: 250000 | I45: 10000 | J45: 288000 | K45: 2016 | L45: 5กร-5862 | M45: กรุงเทพมหานคร | N45: 2016 | O45: 102388 | P45: FWD | Q45: 1.8 | R45: เทา | S45: AT | T45: เบนซิน | U45: สุวินทวงศ์
C46: หมายเหตุ: กรณีเอกสารหมดอายุหรือสูญหาย ขอเอกสารใหม่มีค่าใช้จ่าย 500 บาท
B47: 1023 | C47: Mitsubishi | D47: Mirage | F47: GLX | G47: E | H47: 100000 | I47: 10000 | J47: 118000 | K47: 2017 | L47: งฉ-1138 | M47: ชลบุรี | N47: 2017 | O47: 183298 | P47: FWD | Q47: 1.2 | R47: เทา | S47: AT | T47: เบนซิน | U47: สุวินทวงศ์
C48: หมายเหตุ: แผ่นเพลตสติ๊กเกอร์ชำรุด ขายตามสภาพ มีค่าปรับ M-flow 660 บาท กรณีเอกสารหมดอายุหรือสูญหาย ขอเอกสารใหม่มีค่าใช้จ่าย 500 บาท
B49: 1024 | C49: Isuzu | D49: D-Max | E49: Extra Cab | F49: SLX | G49: E | H49: 36000 | I49: 10000 | J49: 70000 | K49: 2005 | L49: 2ฒต-7965 | M49: กรุงเทพมหานคร | N49: 2006 | O49: 195188 | P49: RWD | Q49: 2.5 | R49: ดำ | S49: MT | T49: ดีเซล | U49: สุวินทวงศ์
C50: หมายเหตุ: แซสซีเป็นสนิม ขายตามสภาพ ออกใบแทนคู่มือทะเบียนใหม่ กรณีรายการต่อเต็ม กรณีเอกสารหมดอายุหรือสูญหาย ขอเอกสารใหม่มีค่าใช้จ่าย 500 บาท
B51: 1025 | C51: Mitsubishi | D51: Triton | E51: Extra Cab | F51: GLX | G51: F | H51: 50000 | I51: 10000 | J51: 60000 | K51: 2012 | L51: 2ฒม-8433 | M51: กรุงเทพมหานคร | N51: 2012 | O51: 451619 | P51: RWD | Q51: 2.5 | R51: เทา | S51: MT | T51: ดีเซล | U51: สุวินทวงศ์
C52: หมายเหตุ: เลขเครื่องเป็นสนิม แซสซีเป็นสนิม เบาะโดยสารดัดแปลงมา ขายตามสภาพ ไม่มีแผ่นป้ายทะเบียนหลัง ผู้ซื้อดำเนินการคัดป้ายใหม่เอง กรณีเอกสารหมดอายุหรือสูญหาย ขอเอกสารใหม่มีค่าใช้จ่าย 500 บาท
B53: 1026 | C53: Ford | D53: Ranger | E53: Smart Cab | F53: XLT | G53: E | H53: 240000 | I53: 10000 | J53: 270000 | K53: 2019 | L53: 2ฒม-9621 | M53: กรุงเทพมหานคร | N53: 2019 | O53: 40747 | P53: RWD | Q53: 2.2 | R53: น้ำเงิน | S53: AT | T53: ดีเซล | U53: สุวินทวงศ์
C54: หมายเหตุ: รถติดอายัดจราจร มีใบสั่ง 1 ใบ ปรับ 500 บาท กรณีเอกสารหมดอายุหรือสูญหาย ขอเอกสารใหม่มีค่าใช้จ่าย 500 บาท
B55: 1027 | C55: Toyota | D55: Hilux Revo | E55: Smart Cab | F55: Prerunner G | G55: E | H55: 220000 | I55: 10000 | J55: 238000 | K55: 2016 | L55: บธ-9587 | M55: หนองบัวลำภู | N55: 2016 | O55: 84552 | P55: RWD | Q55: 2.4 | R55: น้ำเงิน | S55: MT | T55: ดีเซล | U55: สุวินทวงศ์
C56: หมายเหตุ: รถมีการถอดประกอบหัวเก๋งมา เลขไมล์ผิดปกติ ขายตามสภาพ กรณีเอกสารหมดอายุหรือสูญหาย ขอเอกสารใหม่มีค่าใช้จ่าย 500 บาท
B57: 1028 | C57: Toyota | D57: Fortuner | F57: V | G57: E | H57: 220000 | I57: 10000 | J57: 278000 | K57: 2009 | L57: กย-7066 | M57: ฉะเชิงเทรา | N57: 2009 | O57: 364525 | P57: RWD | Q57: 3 | R57: ดำ | S57: AT | T57: ดีเซล | U57: สุวินทวงศ์
C58: หมายเหตุ: เลขเครื่องเป็นสนิม ขายตามสภาพ กรณีเอกสารหมดอายุหรือสูญหาย ขอเอกสารใหม่มีค่าใช้จ่าย 500 บาท
B59: 1029 | C59: Isuzu | D59: D-Max | E59: Extra Cab | F59: Hi-Lander Super Platinum | G59: E | H59: 90000 | I59: 10000 | J59: 102000 | K59: 2010 | L59: บษ-7935 | M59: ฉะเชิงเทรา | N59: 2010 | O59: 248278 | P59: RWD | Q59: 2.5 | R59: ดำ | S59: MT | T59: ดีเซล | U59: สุวินทวงศ์
C60: หมายเหตุ: กรณีเอกสารหมดอายุหรือสูญหาย ขอเอกสารใหม่มีค่าใช้จ่าย 500 บาท
B61: 1030 | C61: Toyota | D61: Hilux Vigo | E61: Extra Cab | F61: J | G61: F | H61: 50000 | I61: 10000 | J61: 60000 | K61: 2009 | L61: บท-8316 | M61: นครพนม | N61: 2009 | O61: 339626 | P61: RWD | Q61: 2.5 | R61: ขาว | S61: MT | T61: ดีเซล | U61: สุวินทวงศ์
C62: หมายเหตุ: แซสซีเป็นสนิม ขายตามสภาพ มีค่าปรับ M-flow 990 บาท กรณีเอกสารหมดอายุหรือสูญหาย ขอเอกสารใหม่มีค่าใช้จ่าย 500 บาท
B63: 1031 | C63: Honda | D63: Civic | F63: Turbo | G63: C | H63: 550000 | I63: 10000 | J63: 580000 | K63: 2017 | L63: 6กพ-6141 | M63: กรุงเทพมหานคร | N63: 2017 | O63: 159658 | P63: FWD | Q63: 1.5 | R63: ขาว | S63: AT | T63: เบนซิน | U63: สุวินทวงศ์
C64: หมายเหตุ: กรณีเอกสารหมดอายุหรือสูญหาย ขอเอกสารใหม่มีค่าใช้จ่าย 500 บาท
B65: 1032 | C65: BMW | D65: 320d | F65: SE | G65: F | H65: 110000 | I65: 10000 | J65: 180000 | K65: 2009 | L65: 2กม-1451 | M65: กรุงเทพมหานคร | N65: 2010 | O65: 243979 | P65: RWD | Q65: 2 | R65: ดำ | S65: AT | T65: ดีเซล | U65: สุวินทวงศ์
C66: หมายเหตุ: รถขับเคลื่อนไม่ได้ สตาร์ทไม่ติด ขายตามสภาพ กรณีเอกสารหมดอายุหรือสูญหาย ขอเอกสารใหม่มีค่าใช้จ่าย 500 บาท
B67: 1033 | C67: Isuzu | D67: D-Max | E67: Extra Cab | F67: Hi-Lander Super Platinum | G67: E | H67: 90000 | I67: 10000 | J67: 120000 | K67: 2009 | L67: บษ-232 | M67: ฉะเชิงเทรา | N67: 2009 | O67: 200152 | P67: RWD | Q67: 2.5 | R67: น้ำตาล | S67: MT | T67: ดีเซล | U67: สุวินทวงศ์
C68: หมายเหตุ: ไม่มีแผ่นป้ายทะเบียนหลัง ผู้ซื้อดำเนินการคัดป้ายใหม่เอง กรณีเอกสารหมดอายุหรือสูญหาย ขอเอกสารใหม่มีค่าใช้จ่าย 500 บาท
B69: 1034 | C69: Toyota | D69: Hilux Vigo | E69: Smart Cab | F69: J | G69: E | H69: 90000 | I69: 10000 | J69: 170000 | K69: 2014 | L69: 1ฒฒ-6469 | M69: กรุงเทพมหานคร | N69: 2015 | O69: 105937 | P69: RWD | Q69: 2.5 | R69: เทา | S69: MT | T69: ดีเซล | U69: สุวินทวงศ์
C70: หมายเหตุ: เลขเครื่องเป็นสนิม เบาะโดยสารมีการดัดแปลงมา ขายตามสภาพ ผู้ซื้อดำเนินการเอง กรณีเอกสารหมดอายุหรือสูญหาย ขอเอกสารใหม่มีค่าใช้จ่าย 500 บาท
B71: 1035 | C71: Toyota | D71: Vios | F71: E | G71: E | H71: 60000 | I71: 10000 | J71: 60000 | K71: 2013 | L71: 2กว-8216 | M71: กรุงเทพมหานคร | N71: 2013 | O71: 120563 | P71: FWD | Q71: 1.5 | R71: ขาว | S71: AT | T71: เบนซิน | U71: สุวินทวงศ์
C72: หมายเหตุ: รถติดอายัดจราจร มีใบสั่ง 2 ใบ ปรับ 1,000 บาท กรณีเอกสารหมดอายุหรือสูญหาย ขอเอกสารใหม่มีค่าใช้จ่าย 500 บาท
B73: 1036 | C73: Suzuki | D73: Swift | F73: GLX | G73: D | H73: 80000 | I73: 10000 | J73: 100000 | K73: 2013 | L73: กย-8526 | M73: ฉะเชิงเทรา | N73: 2013 | O73: 179802 | P73: FWD | Q73: 1.2 | R73: ขาว ดำ | S73: AT | T73: เบนซิน | U73: สุวินทวงศ์
C74: หมายเหตุ: เปลี่ยนสีมา ลงเล่มแล้ว รถติดอายัดจราจร มีใบสั่ง 3 ใบ ปรับ 1500 บาท กรณีเอกสารหมดอายุหรือสูญหาย ขอเอกสารใหม่มีค่าใช้จ่าย 500 บาท
B75: 1037 | C75: Toyota | D75: Fortuner | F75: Legender | G75: A | H75: 950000 | I75: 10000 | J75: 1120000 | K75: 2022 | L75: 3ขฎ-1130 | M75: กรุงเทพมหานคร | N75: 2022 | O75: 38504 | P75: 4WD | Q75: 2.4 | R75: ขาว ดำ | S75: AT | T75: ดีเซล | U75: สุวินทวงศ์
C76: หมายเหตุ: (KA) รถติดอายัดจราจร มีใบสั่ง 3 ใบ ปรับ 1500 บาท กรณีเอกสารหมดอายุหรือสูญหาย ขอเอกสารใหม่มีค่าใช้จ่าย 500 บาท
B77: 1038 | C77: Isuzu | D77: D-Max | E77: Extra Cab | F77: SX | G77: E | H77: 25000 | I77: 10000 | J77: 71000 | L77: ปพ-5684 | M77: กรุงเทพมหานคร | N77: 2003 | O77: 446734 | P77: RWD | Q77: 2.5 | R77: น้ำเงิน | S77: MT | T77: ดีเซล | U77: สุวินทวงศ์
C78: หมายเหตุ: เลขถังเป็นสนิม ขายตามสภาพ ออกใบแทนคู่มือทะเบียนใหม่ กรณีรายการต่อเต็ม กรณีเอกสารหมดอายุหรือสูญหาย ขอเอกสารใหม่มีค่าใช้จ่าย 500 บาท
B79: 1039 | C79: Ford | D79: Focus | F79: Trend | G79: E | H79: 45000 | I79: 10000 | J79: 49000 | K79: 2013 | L79: 1กศ-8878 | M79: กรุงเทพมหานคร | N79: 2013 | O79: 108256 | P79: FWD | Q79: 1.6 | R79: ขาว | S79: AT | T79: เบนซิน | U79: สุวินทวงศ์
C80: หมายเหตุ: กรณีเอกสารหมดอายุหรือสูญหาย ขอเอกสารใหม่มีค่าใช้จ่าย 500 บาท
B81: 1040 | C81: Toyota | D81: Hilux Vigo | E81: Single Cab | F81: J | G81: F | H81: 25000 | I81: 10000 | J81: 83000 | K81: 2005 | L81: ตจ-8899 | M81: กรุงเทพมหานคร | N81: 2005 | O81: 0 | P81: RWD | Q81: 2.5 | R81: ขาว | S81: MT | T81: ดีเซล | U81: สุวินทวงศ์
C82: หมายเหตุ: แซสซีเป็นสนิม ตรวจสอบเลขไมล์ไม่ได้ เนื่องจากเรือนไมล์ชำรุด ขายตามสภาพ กรณีเอกสารหมดอายุหรือสูญหาย ขอเอกสารใหม่มีค่าใช้จ่าย 500 บาท
B83: 1041 | C83: Toyota | D83: Yaris | F83: E | G83: E | H83: 120000 | I83: 10000 | J83: 144000 | K83: 2014 | L83: 3กฐ-1587 | M83: กรุงเทพมหานคร | N83: 2014 | O83: 188457 | P83: FWD | Q83: 1.2 | R83: เทา | S83: AT | T83: เบนซิน | U83: สุวินทวงศ์
C84: หมายเหตุ: รถติดอายัดจราจร มีใบสั่ง 1 ใบ ปรับ 500 บาท กรณีเอกสารหมดอายุหรือสูญหาย ขอเอกสารใหม่มีค่าใช้จ่าย 500 บาท
B85: 1042 | C85: Mitsubishi | D85: Attrage | F85: GLX | G85: B | H85: 120000 | I85: 10000 | J85: 154000 | K85: 2019 | L85: ขก-9594 | M85: อุบลราชธานี | N85: 2021 | O85: 55274 | P85: FWD | Q85: 1.2 | R85: เทา | S85: MT | T85: เบนซิน | U85: สุวินทวงศ์
C86: หมายเหตุ: มีค่าปรับ M-flow 330 บาท กรณีเอกสารหมดอายุหรือสูญหาย ขอเอกสารใหม่มีค่าใช้จ่าย 500 บาท
B87: 1043 | C87: Mazda | D87: CX-3 | F87: Base Plus | G87: A | H87: 340000 | I87: 10000 | J87: 362000 | K87: 2021 | L87: 2ขล-2265 | M87: กรุงเทพมหานคร | N87: 2022 | O87: 49176 | P87: FWD | Q87: 2 | R87: เทา | S87: AT | T87: เบนซิน | U87: สุวินทวงศ์
C88: หมายเหตุ: (KA) กรณีเอกสารหมดอายุหรือสูญหาย ขอเอกสารใหม่มีค่าใช้จ่าย 500 บาท
B89: 1044 | C89: Toyota | D89: Hilux Revo | E89: Smart Cab | F89: J | G89: F | H89: 150000 | I89: 10000 | J89: 160000 | K89: 2016 | L89: 3ฒษ-1231 | M89: กรุงเทพมหานคร | N89: 2016 | O89: 122648 | P89: RWD | Q89: 2.4 | R89: ขาว | S89: MT | T89: ดีเซล | U89: สุวินทวงศ์
C90: หมายเหตุ: เลขไมล์ผิดปกติ ขายตามสภาพ มีค่าปรับ M-flow 660 บาท กรณีเอกสารหมดอายุหรือสูญหาย ขอเอกสารใหม่มีค่าใช้จ่าย 500 บาท
B91: 1045 | C91: Isuzu | D91: D-Max | E91: Smart Cab | F91: S | G91: F | H91: 180000 | I91: 10000 | J91: 180000 | K91: 2018 | L91: บว-2728 | M91: ฉะเชิงเทรา | N91: 2018 | O91: 107466 | P91: RWD | Q91: 1.9 | R91: ขาว | S91: MT | T91: ดีเซล | U91: สุวินทวงศ์
C92: หมายเหตุ: รถติดอายัดจราจร มีใบสั่งปรับ 500 บาท กรณีเอกสารหมดอายุหรือสูญหาย ขอเอกสารใหม่มีค่าใช้จ่าย 500 บาท
B93: 1046 | C93: Honda | D93: Jazz | F93: V i-VTEC | G93: E | H93: 200000 | I93: 10000 | J93: 270000 | K93: 2017 | L93: 6กอ-9051 | M93: กรุงเทพมหานคร | N93: 2017 | O93: 82597 | P93: FWD | Q93: 1.5 | R93: เทา | S93: AT | T93: เบนซิน | U93: สุวินทวงศ์
C94: หมายเหตุ: มีค่าปรับ M-flow 660 บาท กรณีเอกสารหมดอายุหรือสูญหาย ขอเอกสารใหม่มีค่าใช้จ่าย 500 บาท
B95: 1047 | C95: Mercedes-Benz | D95: E350 | F95: e Exclusive | G95: C | H95: 778000 | I95: 16500 | J95: 770000 | K95: 2018 | L95: 7กม-1075 | M95: กรุงเทพมหานคร | N95: 2018 | O95: 193042 | P95: RWD | Q95: 2 | R95: เทา | S95: AT | T95: ไฮบริด | U95: สุวินทวงศ์
C96: หมายเหตุ: เล่มทะเบียนชุดโอนจัดส่งภายใน 30 วัน หลังการประมูล หากเอกสารหมดอายุ ขอเอกสารใหม่ มีค่าใช้จ่าย 1,500 บาท ภาษีหมดอายุ ผู้ซื้อต้องต่อภาษีเอง
B97: 1048 | C97: Lexus | D97: UX250h | F97: Grand Luxury | G97: A+ | H97: 1692000 | I97: 16000 | J97: 1646000 | K97: 2023 | L97: 4ขฐ-4762 | M97: กรุงเทพมหานคร | N97: 2023 | O97: 9924 | P97: FWD | Q97: 2 | R97: เทา | S97: AT | T97: ไฮบริด | U97: สุวินทวงศ์
C98: หมายเหตุ: ผู้ซื้อต้องทำการโอนกรรมสิทธิ์ 2 ต่อ เล่มทะเบียนชุดโอนจัดส่งภายใน 30 วัน หลังการประมูล หากเอกสารหมดอายุ ขอเอกสารใหม่ มีค่าใช้จ่าย 1,500 บาท กรณีภาษีหมดอายุ ผู้ซื้อต้องต่อภาษีเอง
B99: 1049 | C99: Toyota | D99: Hilux Revo | E99: Smart Cab | F99: Entry | G99: C | H99: 0 | I99: 22800 | J99: 250000 | K99: 2021 | L99: ผน-7080 | M99: อุบลราชธานี | N99: 2022 | O99: 45508 | P99: RWD | Q99: 2.4 | R99: ขาว | S99: MT | T99: ดีเซล | U99: สุวินทวงศ์
C100: หมายเหตุ: แซสซีมีการซ่อมมา แผ่นเพลตยิงมาใหม่ ขายตามสภาพ โอนกรรมสิทธิ์ 2 ต่อ รถติดอายัดจราจรมีใบสั่ง 1 ใบ ปรับ 500 บาท ค่าเช็คต้น 100 บาท ภาษีหมดอายุ 07-02-25 ผู้ซื้อต้องดำเนินการต่อภาษีเอง กรณีรถติดอายัดจราจร หรือ มีค่าใช้จ่ายคงค้างจากการใช้ทางด่วน/M-flow ผู้ซื้อเป็นผู้รับผิดชอบค่าใช้จ่ายทุกกรณี
...

Sheet 16012025
C1: 45673 | D1: 102 | E1: =COUNTA(B:B)-1 -> 102
A2: รูปภาพ | B2: ลำดับที่ | C2: ยี่ห้อ | D2: รุ่น | E2: ประเภทรถกระบะ | F2: รุ่นย่อย | G2: เกรด | H2: ราคาเริ่มต้น (ไม่รวมvat) | I2: ค่าธรรมเนียม (ไม่รวมvat) | J2: ราคาสูงสุด | K2: ปีที่ผลิต | L2: ป้ายทะเบียนรถ | M2: จังหวัด | N2: ปีที่จดทะเบียน | O2: เลขไมล์ (กม.) | P2: ระบบขับเคลื่อน | Q2: ความจุ (CC) | R2: สี | S2: ระบบเกียร์ | T2: เชื้อเพลิง | U2: สถานที่จอดรถ | V2: ประเภทรถประมูล
B3: 1001 | C3: Toyota | D3: Hilux Revo | E3: Double Cab | F3: Prerunner Rocco | G3: A | H3: 550000 | I3: 19600 | J3: 756000 | K3: 2023 | L3: ขฉ-835 | M3: อุบลราชธานี | N3: 2024 | O3: 25344 | P3: RWD | Q3: 2.4 | R3: ขาว | S3: AT | T3: ดีเซล | U3: สุวินทวงศ์ | V3: ถูกยึดคืน
C4: หมายเหตุ: ค่าเช็คต้น 100 บาท ภาษีหมดอายุ 03-01-25 ผู้ซื้อต้องดำเนินการต่อภาษีเอง กรณีไม่มีป้ายภาษี ผู้ซื้อต้องรับผิดชอบคัดป้ายใหม่เอง กรณีรถติดอายัดจราจร หรือ มีค่าใช้จ่ายคงค้างจากการใช้ทางด่วน/M-flow ผู้ซื้อเป็นผู้รับผิดชอบค่าใช้จ่ายทุกกรณี
B5: 1002 | C5: Toyota | D5: Corolla Cross | F5: HEV Premium | G5: A+ | H5: 650000 | I5: 17400 | J5: 694000 | K5: 2023 | L5: 4ขธ-9265 | M5: กรุงเทพมหานคร | N5: 2023 | O5: 58309 | P5: FWD | Q5: 1.8 | R5: เทา | S5: AT | T5: ไฮบริด | U5: สุวินทวงศ์ | V5: ถูกยึดคืน
C6: หมายเหตุ: มีค่าปรับ M-FLOW 600 บาท ค่าเช็คต้น 100 บาท ภาษีหมดอายุ 10-08-25 ผู้ซื้อต้องดำเนินการต่อภาษีเอง กรณีไม่มีป้ายภาษี ผู้ซื้อต้องรับผิดชอบคัดป้ายใหม่เอง กรณีรถติดอายัดจราจร หรือ มีค่าใช้จ่ายคงค้างจากการใช้ทางด่วน/M-flow ผู้ซื้อเป็นผู้รับผิดชอบค่าใช้จ่ายทุกกรณี
B7: 1003 | C7: Toyota | D7: Hilux Revo | E7: Smart Cab | F7: Z Edition Entry | G7: B | H7: 235000 | I7: 19600 | J7: 297000 | K7: 2023 | L7: ผพ-794 | M7: อุบลราชธานี | N7: 2024 | O7: 37113 | P7: RWD | Q7: 2.4 | R7: ดำ | S7: MT | T7: ดีเซล | U7: สุวินทวงศ์ | V7: ถูกยึดคืน
C8: หมายเหตุ: ค่าเช็คต้น 100 บาท ภาษีหมดอายุ 17-05-25 ผู้ซื้อต้องดำเนินการต่อภาษีเอง กรณีไม่มีป้ายภาษี ผู้ซื้อต้องรับผิดชอบคัดป้ายใหม่เอง กรณีรถติดอายัดจราจร หรือ มีค่าใช้จ่ายคงค้างจากการใช้ทางด่วน/M-flow ผู้ซื้อเป็นผู้รับผิดชอบค่าใช้จ่ายทุกกรณี
B9: 1004 | C9: Toyota | D9: Yaris Ativ | F9: Mid | G9: C | H9: 210000 | I9: 18900 | J9: 264000 | K9: 2020 | L9: งจ-7319 | M9: นครราชสีมา | N9: 2020 | O9: 44037 | P9: FWD | Q9: 1.2 | R9: เทา | S9: AT | T9: เบนซิน | U9: สุวินทวงศ์ | V9: ถูกยึดคืน
C10: หมายเหตุ: ค่าเช็คต้น 100 บาท ภาษีหมดอายุ 21-05-25 ผู้ซื้อต้องดำเนินการต่อภาษีเอง กรณีไม่มีป้ายภาษี ผู้ซื้อต้องรับผิดชอบคัดป้ายใหม่เอง กรณีรถติดอายัดจราจร หรือ มีค่าใช้จ่ายคงค้างจากการใช้ทางด่วน/M-flow ผู้ซื้อเป็นผู้รับผิดชอบค่าใช้จ่ายทุกกรณี
B11: 1005 | C11: Toyota | D11: Fortuner | F11: Legender | G11: A | H11: 910000 | I11: 18900 | J11: 1065000 | K11: 2023 | L11: งร-3539 | M11: นครราชสีมา | N11: 2023 | O11: 53183 | P11: RWD | Q11: 2.4 | R11: ขาว ดำ | S11: AT | T11: ดีเซล | U11: สุวินทวงศ์ | V11: ถูกยึดคืน
C12: หมายเหตุ: ค่าเช็คต้น 100 บาท ภาษีหมดอายุ 07-08-25 ผู้ซื้อต้องดำเนินการต่อภาษีเอง กรณีไม่มีป้ายภาษี ผู้ซื้อต้องรับผิดชอบคัดป้ายใหม่เอง กรณีรถติดอายัดจราจร หรือ มีค่าใช้จ่ายคงค้างจากการใช้ทางด่วน/M-flow ผู้ซื้อเป็นผู้รับผิดชอบค่าใช้จ่ายทุกกรณี
B13: 1006 | C13: Toyota | D13: Hilux Revo | E13: Smart Cab | F13: Z Edition Entry | G13: C | H13: 220000 | I13: 19600 | J13: 306000 | K13: 2023 | L13: ยค-1953 | M13: ขอนแก่น | N13: 2023 | O13: 83860 | P13: RWD | Q13: 2.4 | R13: เทา | S13: MT | T13: ดีเซล | U13: สุวินทวงศ์ | V13: ถูกยึดคืน
C14: หมายเหตุ: มีค่าปรับ M-FLOW 330 บาท ค่าเช็คต้น 100 บาท ภาษีหมดอายุ 08-06-24 ผู้ซื้อต้องดำเนินการต่อภาษีเอง กรณีไม่มีป้ายภาษี ผู้ซื้อต้องรับผิดชอบคัดป้ายใหม่เอง กรณีรถติดอายัดจราจร หรือ มีค่าใช้จ่ายคงค้างจากการใช้ทางด่วน/M-flow ผู้ซื้อเป็นผู้รับผิดชอบค่าใช้จ่ายทุกกรณี
B15: 1007 | C15: Toyota | D15: Hilux Revo | E15: Smart Cab | F15: Z Edition Entry | G15: A | H15: 290000 | I15: 19900 | J15: 280000 | K15: 2022 | L15: 3ฒม-2246 | M15: กรุงเทพมหานคร | N15: 2022 | O15: 21599 | P15: RWD | Q15: 2.4 | R15: ขาว | S15: MT | T15: ดีเซล | U15: สุวินทวงศ์ | V15: Op-เช่า
C16: หมายเหตุ: ผู้ซื้อต้องดำเนินการโอนภายใน 45 วัน หากเกินกำหนด ขอเอกสารใหม่ มีค่าใช้จ่าย 2,000 บาท ผู้ขายยกเลิกประกันภัยภาคสมัครใจ และ พรบ. แล้ว กรณีรถติดอายัดในเรื่องของจราจร ผู้ซื้อเป็นผู้รับผิดชอบค่าใช้จ่ายทุกกรณี ค่าดำเนินการอื่น 5,000 บาท (ไม่รวม Vat) ไม่มีแผ่นป้ายภาษี ผู้ซื้อดำเนินการคัดป้ายใหม่เอง
B17: 1008 | C17: Toyota | D17: Yaris | F17: Sport | G17: A | H17: 320000 | I17: 18900 | J17: 384000 | K17: 2023 | L17: 5ขน-7286 | M17: กรุงเทพมหานคร | N17: 2024 | O17: 6066 | P17: FWD | Q17: 1.2 | R17: ขาว | S17: AT | T17: เบนซิน | U17: สุวินทวงศ์ | V17: ถูกยึดคืน
C18: หมายเหตุ: ค่าเช็คต้น 100 บาท ภาษีหมดอายุ 28-06-25 ผู้ซื้อต้องดำเนินการต่อภาษีเอง กรณีไม่มีป้ายภาษี ผู้ซื้อต้องรับผิดชอบคัดป้ายใหม่เอง กรณีรถติดอายัดจราจร หรือ มีค่าใช้จ่ายคงค้างจากการใช้ทางด่วน/M-flow ผู้ซื้อเป็นผู้รับผิดชอบค่าใช้จ่ายทุกกรณี
B19: 1009 | C19: Toyota | D19: Hilux Revo | E19: Double Cab | F19: Prerunner J Plus | G19: C | H19: 320000 | I19: 19600 | J19: 348000 | K19: 2018 | L19: 8กณ-7713 | M19: กรุงเทพมหานคร | N19: 2018 | O19: 152325 | P19: RWD | Q19: 2.4 | R19: ขาว | S19: MT | T19: ดีเซล | U19: สุวินทวงศ์ | V19: ถูกยึดคืน
C20: หมายเหตุ: ค่าเช็คต้น 100 บาท ภาษีหมดอายุ 30-11-24 ผู้ซื้อต้องดำเนินการต่อภาษีเอง กรณีไม่มีป้ายภาษี ผู้ซื้อต้องรับผิดชอบคัดป้ายใหม่เอง กรณีรถติดอายัดจราจร หรือ มีค่าใช้จ่ายคงค้างจากการใช้ทางด่วน/M-flow ผู้ซื้อเป็นผู้รับผิดชอบค่าใช้จ่ายทุกกรณี
B21: 1010 | C21: Toyota | D21: Corolla Altis | F21: G | G21: E | H21: 300000 | I21: 21594 | J21: 358000 | K21: 2020 | L21: 1ขผ-3571 | M21: กรุงเทพมหานคร | N21: 2021 | O21: 144019 | P21: FWD | Q21: 1.6 | R21: เทา | S21: AT | T21: เบนซิน | U21: สุวินทวงศ์ | V21: Op-เช่า
C22: หมายเหตุ: บังคับโอนกรรมสิทธิ์ผ่านผู้ขาย ค่าโอนกรรมสิทธิ์ 3000 บาท ค่าภาษีเรียกเก็บคืนผู้ขาย 3,594 บาท
B23: 1011 | C23: Toyota | D23: Camry | F23: G | G23: B | H23: 560000 | I23: 18000 | J23: 0 | K23: 2019 | L23: 8กส-4474 | M23: กรุงเทพมหานคร | N23: 2019 | O23: 119787 | P23: FWD | Q23: 2 | R23: เทา | S23: AT | T23: เบนซิน | U23: สุวินทวงศ์ | V23: Op-เช่า
C24: หมายเหตุ: โอนกรรมสิทธิ์ผ่านผู้ขาย ค่าโอน 3000 บาท กรณีไม่มีป้ายภาษี ผู้ซื้อต้องรับผิดชอบคัดป้ายใหม่เอง
B25: 1012 | C25: Toyota | D25: Vios | F25: Entry | G25: D | H25: 260000 | I25: 18000 | J25: 0 | K25: 2021 | L25: 1ขฬ-8600 | M25: กรุงเทพมหานคร | N25: 2021 | O25: 74775 | P25: FWD | Q25: 1.5 | R25: เทา | S25: AT | T25: เบนซิน | U25: สุวินทวงศ์ | V25: Op-เช่า
C26: หมายเหตุ: โอนกรรมสิทธิ์ผ่านผู้ขาย ค่าโอน 3000 บาท กรณีไม่มีป้ายภาษี ผู้ซื้อต้องรับผิดชอบคัดป้ายใหม่เอง
B27: 1013 | C27: Toyota | D27: Hilux Revo | E27: Double Cab | F27: Z Edition Entry | G27: B | H27: 390000 | I27: 18000 | J27: 0 | K27: 2023 | L27: 4ขจ-3771 | M27: กรุงเทพมหานคร | N27: 2023 | O27: 75818 | P27: RWD | Q27: 2.4 | R27: เทา | S27: MT | T27: ดีเซล | U27: สุวินทวงศ์ | V27: Op-เช่า
C28: หมายเหตุ: โอนกรรมสิทธิ์ผ่านผู้ขาย ค่าโอน 3000 บาท กรณีไม่มีป้ายภาษี ผู้ซื้อต้องรับผิดชอบคัดป้ายใหม่เอง
B29: 1014 | C29: Toyota | D29: Fortuner | F29: V | G29: C | H29: 760000 | I29: 18000 | J29: 760000 | K29: 2019 | L29: 9กฐ-4197 | M29: กรุงเทพมหานคร | N29: 2019 | O29: 184612 | P29: 4WD | Q29: 2.4 | R29: ดำ | S29: AT | T29: ดีเซล | U29: สุวินทวงศ์
C30: หมายเหตุ: บังคับโอน 2 ต่อ ค่าโอนกรรมสิทธิ์ 3000 บาท กรณีติดอายัดจราจรผู้ซื้อเป็นผู้รับผิดชอบทุกกรณี
B31: 1015 | C31: Toyota | D31: Hilux Revo | E31: Smart Cab | F31: High | G31: D | H31: 480000 | I31: 19600 | J31: 587000 | K31: 2022 | L31: ผธ-3047 | M31: นครศรีธรรมราช | N31: 2022 | O31: 33825 | P31: 4WD | Q31: 2.8 | R31: เทา | S31: MT | T31: ดีเซล | U31: สุวินทวงศ์ | V31: ถูกยึดคืน
C32: หมายเหตุ: ค่าเช็คต้น 100 บาท ภาษีหมดอายุ 07-12-24 ผู้ซื้อต้องดำเนินการต่อภาษีเอง กรณีไม่มีป้ายภาษี ผู้ซื้อต้องรับผิดชอบคัดป้ายใหม่เอง กรณีรถติดอายัดจราจร หรือ มีค่าใช้จ่ายคงค้างจากการใช้ทางด่วน/M-flow ผู้ซื้อเป็นผู้รับผิดชอบค่าใช้จ่ายทุกกรณี
B33: 1016 | C33: Toyota | D33: Veloz | F33: Premium | G33: A | H33: 485000 | I33: 15600 | J33: 581000 | K33: 2023 | L33: 3ขฮ-3040 | M33: กรุงเทพมหานคร | N33: 2023 | O33: 29085 | P33: FWD | Q33: 1.5 | R33: ดำ | S33: AT | T33: เบนซิน | U33: สุวินทวงศ์ | V33: ถูกยึดคืน
C34: หมายเหตุ: ค่าเช็คต้น 100 บาท ภาษีหมดอายุ 07-03-25 ผู้ซื้อต้องดำเนินการต่อภาษีเอง กรณีไม่มีป้ายภาษี ผู้ซื้อต้องรับผิดชอบคัดป้ายใหม่เอง กรณีรถติดอายัดจราจร หรือ มีค่าใช้จ่ายคงค้างจากการใช้ทางด่วน/M-flow ผู้ซื้อเป็นผู้รับผิดชอบค่าใช้จ่ายทุกกรณี
B35: 1017 | C35: Toyota | D35: Hilux Revo | E35: Smart Cab | F35: Z Edition Entry | G35: B | H35: 235000 | I35: 15600 | J35: 317000 | K35: 2023 | L35: บว-2404 | M35: กำแพงเพชร | N35: 2023 | O35: 6155 | P35: RWD | Q35: 2.4 | R35: เทา | S35: MT | T35: ดีเซล | U35: สุวินทวงศ์ | V35: ถูกยึดคืน
C36: หมายเหตุ: ค่าเช็คต้น 100 บาท ภาษีหมดอายุ 29-08-24 ผู้ซื้อต้องดำเนินการต่อภาษีเอง กรณีไม่มีป้ายภาษี ผู้ซื้อต้องรับผิดชอบคัดป้ายใหม่เอง กรณีรถติดอายัดจราจร หรือ มีค่าใช้จ่ายคงค้างจากการใช้ทางด่วน/M-flow ผู้ซื้อเป็นผู้รับผิดชอบค่าใช้จ่ายทุกกรณี
B37: 1018 | C37: Toyota | D37: Hilux Revo | E37: Double Cab | F37: Prerunner E | G37: C | H37: 340000 | I37: 15600 | J37: 396000 | K37: 2019 | L37: กพ-7136 | M37: ฉะเชิงเทรา | N37: 2020 | O37: 98146 | P37: RWD | Q37: 2.4 | R37: ขาว | S37: MT | T37: ดีเซล | U37: สุวินทวงศ์ | V37: ถูกยึดคืน
C38: หมายเหตุ: ค่าเช็คต้น 100 บาท ภาษีหมดอายุ 31-07-24 ผู้ซื้อต้องดำเนินการต่อภาษีเอง กรณีไม่มีป้ายภาษี ผู้ซื้อต้องรับผิดชอบคัดป้ายใหม่เอง กรณีรถติดอายัดจราจร หรือ มีค่าใช้จ่ายคงค้างจากการใช้ทางด่วน/M-flow ผู้ซื้อเป็นผู้รับผิดชอบค่าใช้จ่ายทุกกรณี
B39: 1019 | C39: Toyota | D39: Fortuner | F39: V | G39: A | H39: 780000 | I39: 14400 | J39: 756000 | K39: 2019 | L39: 9กน-3100 | M39: กรุงเทพมหานคร | N39: 2020 | O39: 132267 | P39: 4WD | Q39: 2.8 | R39: เทา | S39: AT | T39: ดีเซล | U39: สุวินทวงศ์ | V39: Op-เช่า
C40: หมายเหตุ: กรณีภาษีหมดอายุ ผู้ซื้อต้องดำเนินการต่อภาษีเอง กรณีไม่มีป้ายภาษี ผู้ซื้อต้องรับผิดชอบคัดป้ายใหม่เอง กรณีรถติดอายัดจราจร หรือ มีค่าใช้จ่ายคงค้างจากการใช้ทางด่วน/M-flow ผู้ซื้อเป็นผู้รับผิดชอบค่าใช้จ่ายทุกกรณี
B41: 1020 | C41: Toyota | D41: Hilux Revo | E41: Smart Cab | F41: Prerunner Entry | G41: E | H41: 296000 | I41: 19600 | J41: 392000 | K41: 2023 | L41: บธ-7398 | M41: ชัยนาท | N41: 2023 | O41: 72880 | P41: RWD | Q41: 2.4 | R41: ดำ | S41: MT | T41: ดีเซล | U41: สุวินทวงศ์ | V41: ถูกยึดคืน
C42: หมายเหตุ: ค่าเช็คต้น 100 บาท ภาษีหมดอายุ 11-09-24 ผู้ซื้อต้องดำเนินการต่อภาษีเอง กรณีไม่มีป้ายภาษี ผู้ซื้อต้องรับผิดชอบคัดป้ายใหม่เอง กรณีรถติดอายัดจราจร หรือ มีค่าใช้จ่ายคงค้างจากการใช้ทางด่วน/M-flow ผู้ซื้อเป็นผู้รับผิดชอบค่าใช้จ่ายทุกกรณี
B43: 1021 | C43: Toyota | D43: Yaris Ativ | F43: Premium Luxury | G43: D | H43: 300000 | I43: 19600 | J43: 376000 | K43: 2023 | L43: 4ขท-4990 | M43: กรุงเทพมหานคร | N43: 2023 | O43: 53401 | P43: FWD | Q43: 1.2 | R43: ขาว | S43: AT | T43: เบนซิน | U43: สุวินทวงศ์ | V43: ถูกยึดคืน
C44: หมายเหตุ: ค่าเช็คต้น 100 บาท ภาษีหมดอายุ 21-07-25 ผู้ซื้อต้องดำเนินการต่อภาษีเอง กรณีไม่มีป้ายภาษี ผู้ซื้อต้องรับผิดชอบคัดป้ายใหม่เอง กรณีรถติดอายัดจราจร หรือ มีค่าใช้จ่ายคงค้างจากการใช้ทางด่วน/M-flow ผู้ซื้อเป็นผู้รับผิดชอบค่าใช้จ่ายทุกกรณี
B45: 1022 | C45: Toyota | D45: Hilux Revo | E45: Single Cab | F45: Entry | G45: C | H45: 300000 | I45: 19600 | J45: 372000 | K45: 2023 | L45: ผผ-9388 | M45: อุบลราชธานี | N45: 2024 | O45: 82173 | P45: RWD | Q45: 2.8 | R45: ขาว | S45: MT | T45: ดีเซล | U45: สุวินทวงศ์ | V45: ถูกยึดคืน
C46: หมายเหตุ: ค่าเช็คต้น 100 บาท ภาษีหมดอายุ 15-03-25 ผู้ซื้อต้องดำเนินการต่อภาษีเอง กรณีไม่มีป้ายภาษี ผู้ซื้อต้องรับผิดชอบคัดป้ายใหม่เอง กรณีรถติดอายัดจราจร หรือ มีค่าใช้จ่ายคงค้างจากการใช้ทางด่วน/M-flow ผู้ซื้อเป็นผู้รับผิดชอบค่าใช้จ่ายทุกกรณี
B47: 1023 | C47: Toyota | D47: Camry | F47: HEV Premium | G47: B | H47: 571000 | I47: 30057 | J47: 630000 | K47: 2018 | L47: 8กจ-3361 | M47: กรุงเทพมหานคร | N47: 2018 | O47: 221985 | P47: FWD | Q47: 2.5 | R47: ดำ | S47: AT | T47: ไฮบริด | U47: สุวินทวงศ์ | V47: Op-เช่า
C48: หมายเหตุ: บังคับโอนกรรมสิทธิ์ผ่านผู้ขาย ค่าโอนกรรมสิทธิ์ 3000 บาท ค่าภาษีเรียกเก็บคืนผู้ขาย 7,757 บาท
B49: 1024 | C49: Toyota | D49: Corolla Altis | F49: G | G49: D | H49: 291000 | I49: 21594 | J49: 319000 | K49: 2020 | L49: 1ขฌ-3114 | M49: กรุงเทพมหานคร | N49: 2020 | O49: 183767 | P49: FWD | Q49: 1.6 | R49: เทา | S49: AT | T49: เบนซิน | U49: สุวินทวงศ์ | V49: Op-เช่า
C50: หมายเหตุ: บังคับโอนกรรมสิทธิ์ผ่านผู้ขาย ค่าโอนกรรมสิทธิ์ 3000 บาท ค่าภาษีเรียกเก็บคืนผู้ขาย 3,594 บาท
B51: 1025 | C51: Mercedes-Benz | D51: E350 | F51: e Exclusive | G51: B | H51: 876000 | I51: 16500 | J51: 864000 | K51: 2019 | L51: 8กย-4484 | M51: กรุงเทพมหานคร | N51: 2019 | O51: 103094 | P51: RWD | Q51: 2 | R51: เทา | S51: AT | T51: ไฮบริด | U51: สุวินทวงศ์
C52: หมายเหตุ: เล่มทะเบียนชุดโอนจัดส่งภายใน 30 วัน หลังการประมูล หากเอกสารหมดอายุ ขอเอกสารใหม่ มีค่าใช้จ่าย 1,500 บาท
B53: 1026 | C53: Mercedes-Benz | D53: E350 | F53: e Exclusive | G53: C | H53: 778000 | I53: 16500 | J53: 764000 | K53: 2018 | L53: 7กม-1075 | M53: กรุงเทพมหานคร | N53: 2018 | O53: 193042 | P53: RWD | Q53: 2 | R53: เทา | S53: AT | T53: ไฮบริด | U53: สุวินทวงศ์
C54: หมายเหตุ: เล่มทะเบียนชุดโอนจัดส่งภายใน 30 วัน หลังการประมูล หากเอกสารหมดอายุ ขอเอกสารใหม่ มีค่าใช้จ่าย 1,500 บาท ภาษีหมดอายุ ผู้ซื้อต้องต่อภาษีเอง
B55: 1027 | C55: Lexus | D55: UX250h | F55: Grand Luxury | G55: A+ | H55: 1692000 | I55: 16000 | J55: 1656000 | K55: 2023 | L55: 4ขฐ-4762 | M55: กรุงเทพมหานคร | N55: 2023 | O55: 9924 | P55: FWD | Q55: 2 | R55: เทา | S55: AT | T55: ไฮบริด | U55: สุวินทวงศ์
C56: หมายเหตุ: ผู้ซื้อต้องทำการโอนกรรมสิทธิ์ 2 ต่อ เล่มทะเบียนชุดโอนจัดส่งภายใน 30 วัน หลังการประมูล หากเอกสารหมดอายุ ขอเอกสารใหม่ มีค่าใช้จ่าย 1,500 บาท กรณีภาษีหมดอายุ ผู้ซื้อต้องต่อภาษีเอง
B57: 1028 | C57: Toyota | D57: Hilux Revo | E57: Smart Cab | F57: Prerunner Entry | G57: E | H57: 310000 | I57: 20100 | J57: 392000 | K57: 2023 | L57: บษ-8223 | M57: กาฬสินธุ์ | N57: 2024 | O57: 30742 | P57: RWD | Q57: 2.4 | R57: เทา | S57: MT | T57: ดีเซล | U57: สุวินทวงศ์ | V57: ถูกยึดคืน
C58: หมายเหตุ: ค่าเช็คต้น 100 บาท ภาษีหมดอายุ 21-02-25 ผู้ซื้อต้องดำเนินการต่อภาษีเอง กรณีไม่มีป้ายภาษี ผู้ซื้อต้องรับผิดชอบคัดป้ายใหม่เอง กรณีรถติดอายัดจราจร หรือ มีค่าใช้จ่ายคงค้างจากการใช้ทางด่วน/M-flow ผู้ซื้อเป็นผู้รับผิดชอบค่าใช้จ่ายทุกกรณี
B59: 1029 | C59: Toyota | D59: Yaris | F59: E | G59: B | H59: 195000 | I59: 17400 | J59: 237000 | K59: 2018 | L59: กฉ-9602 | M59: สุโขทัย | N59: 2018 | O59: 70511 | P59: FWD | Q59: 1.2 | R59: ส้ม | S59: AT | T59: เบนซิน | U59: สุวินทวงศ์ | V59: ถูกยึดคืน
C60: หมายเหตุ: ค่าเช็คต้น 100 บาท ภาษีหมดอายุ 31-10-24 ผู้ซื้อต้องดำเนินการต่อภาษีเอง กรณีไม่มีป้ายภาษี ผู้ซื้อต้องรับผิดชอบคัดป้ายใหม่เอง กรณีรถติดอายัดจราจร หรือ มีค่าใช้จ่ายคงค้างจากการใช้ทางด่วน/M-flow ผู้ซื้อเป็นผู้รับผิดชอบค่าใช้จ่ายทุกกรณี
B61: 1030 | C61: Toyota | D61: Hilux Revo | E61: Smart Cab | F61: Z Edition Entry | G61: A | H61: 260000 | I61: 17400 | J61: 336000 | K61: 2023 | L61: บต-9311 | M61: นราธิวาส | N61: 2024 | O61: 6729 | P61: RWD | Q61: 2.4 | R61: ขาว | S61: MT | T61: ดีเซล | U61: สุวินทวงศ์ | V61: ถูกยึดคืน
C62: หมายเหตุ: รถติดสติ๊กเกอร์มา ขายตามสภาพ ผู้ซื้อดำเนินการเอง ค่าเช็คต้น 100 บาท ภาษีหมดอายุ 13-02-25 ผู้ซื้อต้องดำเนินการต่อภาษีเอง กรณีไม่มีป้ายภาษี ผู้ซื้อต้องรับผิดชอบคัดป้ายใหม่เอง กรณีรถติดอายัดจราจร หรือ มีค่าใช้จ่ายคงค้างจากการใช้ทางด่วน/M-flow ผู้ซื้อเป็นผู้รับผิดชอบค่าใช้จ่ายทุกกรณี
B63: 1031 | C63: Toyota | D63: Hilux Revo | E63: Double Cab | F63: Prerunner E Plus | G63: E | H63: 340000 | I63: 19600 | J63: 410000 | K63: 2019 | L63: กท-5376 | M63: ประจวบคีรีขันธ์ | N63: 2019 | O63: 194137 | P63: RWD | Q63: 2.4 | R63: เทา | S63: AT | T63: ดีเซล | U63: สุวินทวงศ์ | V63: ถูกยึดคืน
C64: หมายเหตุ: ค่าเช็คต้น 100 บาท ภาษีหมดอายุ 23-07-25 ผู้ซื้อต้องดำเนินการต่อภาษีเอง กรณีไม่มีป้ายภาษี ผู้ซื้อต้องรับผิดชอบคัดป้ายใหม่เอง กรณีรถติดอายัดจราจร หรือ มีค่าใช้จ่ายคงค้างจากการใช้ทางด่วน/M-flow ผู้ซื้อเป็นผู้รับผิดชอบค่าใช้จ่ายทุกกรณี
B65: 1032 | C65: Toyota | D65: Hilux Revo | E65: Double Cab | F65: Prerunner Mid | G65: A+ | H65: 390000 | I65: 15600 | J65: 468000 | K65: 2020 | L65: 1ขฆ-8106 | M65: กรุงเทพมหานคร | N65: 2020 | O65: 97219 | P65: RWD | Q65: 2.4 | R65: เทา | S65: MT | T65: ดีเซล | U65: สุวินทวงศ์ | V65: ถูกยึดคืน
C66: หมายเหตุ: ค่าเช็คต้น 100 บาท ภาษีหมดอายุ 15-07-24 ผู้ซื้อต้องดำเนินการต่อภาษีเอง กรณีไม่มีป้ายภาษี ผู้ซื้อต้องรับผิดชอบคัดป้ายใหม่เอง กรณีรถติดอายัดจราจร หรือ มีค่าใช้จ่ายคงค้างจากการใช้ทางด่วน/M-flow ผู้ซื้อเป็นผู้รับผิดชอบค่าใช้จ่ายทุกกรณี
B67: 1033 | C67: Toyota | D67: Yaris Ativ | F67: Sport | G67: E | H67: 245000 | I67: 19600 | J67: 263000 | K67: 2021 | L67: ขค-3916 | M67: อุบลราชธานี | N67: 2022 | O67: 57655 | P67: FWD | Q67: 1.2 | R67: ขาว | S67: AT | T67: เบนซิน | U67: สุวินทวงศ์ | V67: ถูกยึดคืน
C68: หมายเหตุ: ค่าเช็คต้น 100 บาท ภาษีหมดอายุ 08-02-25 ผู้ซื้อต้องดำเนินการต่อภาษีเอง กรณีไม่มีป้ายภาษี ผู้ซื้อต้องรับผิดชอบคัดป้ายใหม่เอง กรณีรถติดอายัดจราจร หรือ มีค่าใช้จ่ายคงค้างจากการใช้ทางด่วน/M-flow ผู้ซื้อเป็นผู้รับผิดชอบค่าใช้จ่ายทุกกรณี
B69: 1034 | C69: Toyota | D69: Hilux Revo | E69: Single Cab | F69: Entry | G69: C | H69: 210000 | I69: 15600 | J69: 232000 | K69: 2021 | L69: ยจ-1500 | M69: ชลบุรี | N69: 2021 | O69: 213752 | P69: RWD | Q69: 2.4 | R69: ขาว | S69: MT | T69: ดีเซล | U69: สุวินทวงศ์ | V69: ถูกยึดคืน
C70: หมายเหตุ: ค่าเช็คต้น 100 บาท ภาษีหมดอายุ 01-12-24 ผู้ซื้อต้องดำเนินการต่อภาษีเอง กรณีไม่มีป้ายภาษี ผู้ซื้อต้องรับผิดชอบคัดป้ายใหม่เอง กรณีรถติดอายัดจราจร หรือ มีค่าใช้จ่ายคงค้างจากการใช้ทางด่วน/M-flow ผู้ซื้อเป็นผู้รับผิดชอบค่าใช้จ่ายทุกกรณี
B71: 1035 | C71: Toyota | D71: Hilux Revo | E71: Smart Cab | F71: Z Edition Entry | G71: E | H71: 190000 | I71: 18900 | J71: 268000 | K71: 2021 | L71: ยธ-5551 | M71: นครราชสีมา | N71: 2021 | O71: 102949 | P71: RWD | Q71: 2.4 | R71: เทา | S71: MT | T71: ดีเซล | U71: สุวินทวงศ์ | V71: ถูกยึดคืน
C72: หมายเหตุ: ค่าเช็คต้น 100 บาท ภาษีหมดอายุ 06-08-24 ผู้ซื้อต้องดำเนินการต่อภาษีเอง กรณีไม่มีป้ายภาษี ผู้ซื้อต้องรับผิดชอบคัดป้ายใหม่เอง กรณีรถติดอายัดจราจร หรือ มีค่าใช้จ่ายคงค้างจากการใช้ทางด่วน/M-flow ผู้ซื้อเป็นผู้รับผิดชอบค่าใช้จ่ายทุกกรณี
B73: 1036 | C73: Toyota | D73: Camry | F73: HEV Premium | G73: E | H73: 635000 | I73: 18000 | J73: 0 | K73: 2020 | L73: 1ขธ-6321 | M73: กรุงเทพมหานคร | N73: 2020 | O73: 108775 | P73: FWD | Q73: 2.5 | R73: ดำ | S73: AT | T73: ไฮบริด | U73: สุวินทวงศ์ | V73: Op-เช่า
C74: หมายเหตุ: มีค่าปรับ M-flow 660 บาท โอนกรรมสิทธิ์ผ่านผู้ขาย ค่าโอน 3000 บาท กรณีไม่มีป้ายภาษี ผู้ซื้อต้องรับผิดชอบคัดป้ายใหม่เอง
B75: 1037-1 | C75: Toyota | D75: Corolla Altis | F75: G | G75: E | H75: 360000 | I75: 20799 | J75: 360000 | K75: 2020 | L75: 9กส-7697 | M75: กรุงเทพมหานคร | N75: 2020 | O75: 102768 | P75: FWD | Q75: 1.6 | R75: เทา | S75: AT | T75: เบนซิน | U75: สุวินทวงศ์ | V75: Op-เช่า
C76: หมายเหตุ: ผู้ซื้อต้องดำเนินการโอนภายใน 45 วัน หากเกินกำหนด ขอเอกสารใหม่ มีค่าใช้จ่าย 2,000 บาท ค่าภาษีเรียกเก็บคืนผู้ขาย 899 บาท (ไม่มี Vat) ชำระเงินสด ผู้ขายยกเลิกประกันภัยภาคสมัครใจ และ พรบ. แล้ว กรณีรถติดอายัดในเรื่องของจราจร ผู้ซื้อเป็นผู้รับผิดชอบค่าใช้จ่ายทุกกรณี ค่าดำเนินการอื่น 5,000 บาท (ไม่รวม Vat) ไม่มีแผ่นป้ายภาษี ผู้ซื้อดำเนินการคัดป้ายใหม่เอง
B77: 1038 | C77: Toyota | D77: Hilux Revo | E77: Smart Cab | F77: Z Edition Entry | G77: E | H77: 284000 | I77: 21500 | J77: 240000 | K77: 2022 | L77: 3ฒภ-8440 | M77: กรุงเทพมหานคร | N77: 2022 | O77: 16398 | P77: RWD | Q77: 2.4 | R77: ขาว | S77: MT | T77: ดีเซล | U77: สุวินทวงศ์ | V77: Op-เช่า
C78: หมายเหตุ: ผู้ซื้อต้องดำเนินการโอนภายใน 45 วัน หากเกินกำหนด ขอเอกสารใหม่ มีค่าใช้จ่าย 2,000 บาท ผู้ขายยกเลิกประกันภัยภาคสมัครใจ และ พรบ. แล้ว กรณีรถติดอายัดในเรื่องของจราจร ผู้ซื้อเป็นผู้รับผิดชอบค่าใช้จ่ายทุกกรณี ค่าดำเนินการอื่น 6,500 บาท (ไม่รวม Vat) ไม่มีแผ่นป้ายภาษี ผู้ซื้อดำเนินการคัดป้ายใหม่เอง ภาษีหมดอายุ ผู้ซื้อต้องดำเนินการต่อภาษีเอง
B79: 1039 | C79: Toyota | D79: Corolla Altis | F79: G | G79: E | H79: 220000 | I79: 18000 | J79: 220000 | K79: 2019 | L79: 9กค-8085 | M79: กรุงเทพมหานคร | N79: 2019 | O79: 260451 | P79: FWD | Q79: 1.6 | R79: เทา | S79: AT | T79: เบนซิน | U79: สุวินทวงศ์ | V79: Op-เช่า
C80: หมายเหตุ: บังคับโอนผ่านผู้ขาย ค่าโอนกรรมสิทธิ์ 3000 บาท กรณีติดอายัดจราจรผู้ซื้อเป็นผู้รับผิดชอบทุกกรณี
B81: 1040 | C81: Honda | D81: CR-V | F81: E | G81: F | H81: 112000 | I81: 16100 | J81: 152000 | K81: 2013 | L81: 7กฬ-1785 | M81: กรุงเทพมหานคร | N81: 2013 | O81: 143014 | P81: 4WD | Q81: 2 | R81: เทา | S81: AT | T81: แก๊ส | U81: สุวินทวงศ์ | V81: ถูกยึดคืน
C82: หมายเหตุ: ไม่รับผิดชอบการโอนและไม่รับคืนทุกกรณี เนื่องจาก รถได้รับความเสียหายจากน้ำ ตรวจสอบเลขเครื่องไม่ได้ 1 ตัวแป้นชำรุด Airbag แตก ขายตามสภาพ ติดแก๊สมา ลงเล่มแล้ว แผ่นป้ายทะเบียนหลังชำรุด ผู้ซื้อดำเนินการคัดป้ายใหม่เอง เอกสารหมดอายุหรือสูญหาย ขอเอกสารใหม่มีค่าใช้จ่าย 500 บาท ค่าเช็คต้น 100 บาท กรณีภาษีหมดอายุ /ไม่มีป้ายภาษี ผู้ซื้อเป็นผู้รับผิดชอบต่อภาษีและดำเนินการเอง ผู้ประมูลจะต้องโอนกรรมสิทธิ์ ภายใน 90 วัน นับจากวันที่ประมูล หากเกินระยะเวลาที่กำหนด บริษัทฯ จะไม่รับผิดชอบและไม่รับคืนทุกกรณี รถติดอายัดจราจร หรือ มีค่าใช้จ่ายค้างจากการใช้ทางด่วน/M-flow ผู้ซื้อเป็นผู้รับผิดชอบค่าใช้จ่ายเองทั้งหมด
B83: 1041 | C83: Toyota | D83: Hilux Revo | E83: Single Cab | F83: Z Edition Entry | G83: C | H83: 230000 | I83: 21100 | J83: 323000 | K83: 2024 | L83: ผพ-3136 | M83: อุบลราชธานี | N83: 2024 | O83: 59121 | P83: RWD | Q83: 2.4 | R83: ขาว | S83: MT | T83: ดีเซล | U83: สุวินทวงศ์ | V83: ถูกยึดคืน
C84: หมายเหตุ: ค่าเช็คต้น 100 บาท ภาษีหมดอายุ 10-09-25 ผู้ซื้อต้องดำเนินการต่อภาษีเอง กรณีไม่มีป้ายภาษี ผู้ซื้อต้องรับผิดชอบคัดป้ายใหม่เอง กรณีรถติดอายัดจราจร หรือ มีค่าใช้จ่ายคงค้างจากการใช้ทางด่วน/M-flow ผู้ซื้อเป็นผู้รับผิดชอบค่าใช้จ่ายทุกกรณี
B85: 1042 | C85: Toyota | D85: Hilux Revo | E85: Double Cab | F85: Prerunner G | G85: B | H85: 370000 | I85: 18900 | J85: 435000 | K85: 2018 | L85: กท-1754 | M85: ชัยภูมิ | N85: 2018 | O85: 216787 | P85: RWD | Q85: 2.4 | R85: เทา | S85: AT | T85: ดีเซล | U85: สุวินทวงศ์ | V85: ถูกยึดคืน
C86: หมายเหตุ: ค่าเช็คต้น 100 บาท ภาษีหมดอายุ 23-04-25 ผู้ซื้อต้องดำเนินการต่อภาษีเอง กรณีไม่มีป้ายภาษี ผู้ซื้อต้องรับผิดชอบคัดป้ายใหม่เอง กรณีรถติดอายัดจราจร หรือ มีค่าใช้จ่ายคงค้างจากการใช้ทางด่วน/M-flow ผู้ซื้อเป็นผู้รับผิดชอบค่าใช้จ่ายทุกกรณี
B87: 1043 | C87: Toyota | D87: Hilux Vigo | E87: Smart Cab | F87: J | G87: F | H87: 50000 | I87: 19600 | J87: 74000 | K87: 2013 | L87: บห-8285 | M87: อุบลราชธานี | N87: 2014 | O87: 511131 | P87: RWD | Q87: 2.5 | R87: ขาว | S87: MT | T87: ดีเซล | U87: สุวินทวงศ์ | V87: ถูกยึดคืน
C88: หมายเหตุ: ไม่รับผิดชอบการโอนทุกกรณี เนื่องจากรถมีการดัดแปลงตัดต่อหัวเก๋ง แผ่นเพลตชำรุด แผ่นเพลตยิงมาใหม่ เลขเครื่องเป็นสนิม แซสซีเป็นสนิม ขายตามสภาพ เปลี่ยนสีมา ล่งเล่มแล้ว ค่าเช็คต้น 100 บาท ภาษีหมดอายุ 12-02-25 ผู้ซื้อต้องดำเนินการต่อภาษีเอง กรณีไม่มีป้ายภาษี ผู้ซื้อต้องรับผิดชอบคัดป้ายใหม่เอง กรณีรถติดอายัดจราจร หรือ มีค่าใช้จ่ายคงค้างจากการใช้ทางด่วน/M-flow ผู้ซื้อเป็นผู้รับผิดชอบค่าใช้จ่ายทุกกรณี
B89: 1044 | C89: Toyota | D89: Corolla Altis | F89: G | G89: A+ | H89: 490000 | I89: 20600 | J89: 554000 | K89: 2023 | L89: ขท-2959 | M89: สุราษฎร์ธานี | N89: 2024 | O89: 7877 | P89: FWD | Q89: 1.6 | R89: เทา | S89: AT | T89: เบนซิน | U89: สุวินทวงศ์ | V89: ถูกยึดคืน
C90: หมายเหตุ: ค่าเช็คต้น 100 บาท ภาษีหมดอายุ 07-03-25 ผู้ซื้อต้องดำเนินการต่อภาษีเอง กรณีไม่มีป้ายภาษี ผู้ซื้อต้องรับผิดชอบคัดป้ายใหม่เอง กรณีรถติดอายัดจราจร หรือ มีค่าใช้จ่ายคงค้างจากการใช้ทางด่วน/M-flow ผู้ซื้อเป็นผู้รับผิดชอบค่าใช้จ่ายทุกกรณี
B91: 1045 | C91: Toyota | D91: Hilux Revo | E91: Smart Cab | F91: Z Edition J Plus | G91: B | H91: 200000 | I91: 18400 | J91: 276000 | K91: 2019 | L91: 2ฒห-5706 | M91: กรุงเทพมหานคร | N91: 2020 | O91: 38412 | P91: RWD | Q91: 2.4 | R91: เทา | S91: MT | T91: ดีเซล | U91: สุวินทวงศ์ | V91: ถูกยึดคืน
C92: หมายเหตุ: ค่าเช็คต้น 100 บาท ภาษีหมดอายุ 21-02-25 ผู้ซื้อต้องดำเนินการต่อภาษีเอง กรณีไม่มีป้ายภาษี ผู้ซื้อต้องรับผิดชอบคัดป้ายใหม่เอง กรณีรถติดอายัดจราจร หรือ มีค่าใช้จ่ายคงค้างจากการใช้ทางด่วน/M-flow ผู้ซื้อเป็นผู้รับผิดชอบค่าใช้จ่ายทุกกรณี
B93: 1046 | C93: Toyota | D93: Hilux Revo | E93: Smart Cab | F93: G | G93: E | H93: 160000 | I93: 21600 | J93: 200000 | K93: 2016 | L93: ผธ-1640 | M93: สงขลา | N93: 2017 | O93: 193962 | P93: RWD | Q93: 2.4 | R93: ขาว | S93: MT | T93: ดีเซล | U93: สุวินทวงศ์ | V93: ถูกยึดคืน
C94: หมายเหตุ: ทะเบียนระงับ ภาษีขาดเกิน 3 ปี ผู้ซื้อดำเนินการจดป้ายใหม่เอง ค่าภาษีคงค้างผู้ซื้อเป็นผู้รับผิดชอบ ค่าเช็คต้น 100 บาท กรณีรถติดอายัดจราจร หรือ มีค่าใช้จ่ายคงค้างจากการใช้ทางด่วน/M-flow ผู้ซื้อเป็นผู้รับผิดชอบค่าใช้จ่ายทุกกรณี
B95: 1047 | C95: Toyota | D95: Veloz | F95: Premium | G95: F | H95: 410000 | I95: 21600 | J95: 404000 | K95: 2023 | L95: กฉ-7940 | M95: นราธิวาส | N95: 2023 | O95: 36948 | P95: FWD | Q95: 1.5 | R95: เทา | S95: AT | T95: เบนซิน | U95: สุวินทวงศ์ | V95: ถูกยึดคืน
C96: หมายเหตุ: ค่าเช็คต้น 100 บาท ภาษีหมดอายุ 30-03-24 ผู้ซื้อต้องดำเนินการต่อภาษีเอง กรณีไม่มีป้ายภาษี ผู้ซื้อต้องรับผิดชอบคัดป้ายใหม่เอง กรณีรถติดอายัดจราจร หรือ มีค่าใช้จ่ายคงค้างจากการใช้ทางด่วน/M-flow ผู้ซื้อเป็นผู้รับผิดชอบค่าใช้จ่ายทุกกรณี
B97: 1048 | C97: Suzuki | D97: XL7 | F97: GLX | G97: B | H97: 330000 | I97: 18900 | J97: 378000 | K97: 2022 | L97: งล-3691 | M97: นครราชสีมา | N97: 2023 | O97: 55173 | P97: FWD | Q97: 1.5 | R97: ดำ | S97: AT | T97: เบนซิน | U97: สุวินทวงศ์ | V97: ถูกยึดคืน
C98: หมายเหตุ: ค่าเช็คต้น 100 บาท ภาษีหมดอายุ 18-12-24 ผู้ซื้อต้องดำเนินการต่อภาษีเอง กรณีไม่มีป้ายภาษี ผู้ซื้อต้องรับผิดชอบคัดป้ายใหม่เอง กรณีรถติดอายัดจราจร หรือ มีค่าใช้จ่ายคงค้างจากการใช้ทางด่วน/M-flow ผู้ซื้อเป็นผู้รับผิดชอบค่าใช้จ่ายทุกกรณี
B99: 1049 | C99: Toyota | D99: Corolla Altis | F99: G | G99: E | H99: 140000 | I99: 15000 | J99: 150000 | K99: 2019 | L99: 9กณ-8121 | M99: กรุงเทพมหานคร | N99: 2019 | O99: 164683 | P99: FWD | Q99: 1.6 | R99: เทา | S99: AT | T99: เบนซิน | U99: สุวินทวงศ์ | V99: Op-เช่า
C100: หมายเหตุ: ไม่รับผิดชอบการโอนทุกกรณี เนื่องจาก รถมีการตัดต่อท้ายมา ขายตามสภาพ กรณีติดอายัดจราจรผู้ซื้อเป็นผู้รับผิดชอบทุกกรณี
...

Sheet 20012025
C1: 45677 | D1: 79 | E1: =COUNTA(B:B)-1 -> 79
A2: รูปภาพ | B2: ลำดับที่ | C2: ยี่ห้อ | D2: รุ่น | E2: ประเภทรถกระบะ | F2: รุ่นย่อย | G2: เกรด | H2: ราคาเริ่มต้น (ไม่รวมvat) | I2: ค่าธรรมเนียม (ไม่รวมvat) | J2: ราคาสูงสุด | K2: ปีที่ผลิต | L2: ป้ายทะเบียนรถ | M2: จังหวัด | N2: ปีที่จดทะเบียน | O2: เลขไมล์ (กม.) | P2: ระบบขับเคลื่อน | Q2: ความจุ (CC) | R2: สี | S2: ระบบเกียร์ | T2: เชื้อเพลิง | U2: สถานที่จอดรถ | V2: ประเภทรถประมูล
B3: 1001 | C3: Toyota | D3: Hilux Champ | E3: Single Cab | F3: Attractive Package | G3: C | H3: 330000 | I3: 20100 | J3: 396000 | K3: 2024 | L3: ยง-1452 | M3: ขอนแก่น | N3: 2024 | O3: 31112 | P3: RWD | Q3: 2.4 | R3: เทา | S3: AT | T3: ดีเซล | U3: สุวินทวงศ์ | V3: ถูกยึดคืน
C4: หมายเหตุ: ค่าเช็คต้น 100 บาท ภาษีหมดอายุ 24-05-25 ผู้ซื้อต้องดำเนินการต่อภาษีเอง กรณีไม่มีป้ายภาษี ผู้ซื้อต้องรับผิดชอบคัดป้ายใหม่เอง กรณีรถติดอายัดจราจร หรือ มีค่าใช้จ่ายคงค้างจากการใช้ทางด่วน/M-flow ผู้ซื้อเป็นผู้รับผิดชอบค่าใช้จ่ายทุกกรณี
B5: 1002 | C5: Toyota | D5: Hilux Revo | E5: Double Cab | F5: Prerunner Mid | G5: A | H5: 460000 | I5: 19600 | J5: 614000 | K5: 2022 | L5: ขก-6599 | M5: นครสวรรค์ | N5: 2022 | O5: 52090 | P5: RWD | Q5: 2.4 | R5: ขาว | S5: AT | T5: ดีเซล | U5: สุวินทวงศ์ | V5: ถูกยึดคืน
C6: หมายเหตุ: ค่าเช็คต้น 100 บาท ภาษีหมดอายุ 01-07-25 ผู้ซื้อต้องดำเนินการต่อภาษีเอง กรณีไม่มีป้ายภาษี ผู้ซื้อต้องรับผิดชอบคัดป้ายใหม่เอง กรณีรถติดอายัดจราจร หรือ มีค่าใช้จ่ายคงค้างจากการใช้ทางด่วน/M-flow ผู้ซื้อเป็นผู้รับผิดชอบค่าใช้จ่ายทุกกรณี
B7: 1003 | C7: Toyota | D7: Fortuner | F7: Legender | G7: D | H7: 840000 | I7: 18900 | J7: 940000 | K7: 2021 | L7: งธ-750 | M7: นครราชสีมา | N7: 2021 | O7: 27886 | P7: RWD | Q7: 2.4 | R7: ขาว ดำ | S7: AT | T7: ดีเซล | U7: สุวินทวงศ์ | V7: ถูกยึดคืน
C8: หมายเหตุ: มีค่าปรับ M-FLOW 660 บาท ค่าเช็คต้น 100 บาท ภาษีหมดอายุ 26-08-22 ผู้ซื้อต้องดำเนินการต่อภาษีเอง กรณีไม่มีป้ายภาษี ผู้ซื้อต้องรับผิดชอบคัดป้ายใหม่เอง กรณีรถติดอายัดจราจร หรือ มีค่าใช้จ่ายคงค้างจากการใช้ทางด่วน/M-flow ผู้ซื้อเป็นผู้รับผิดชอบค่าใช้จ่ายทุกกรณี
B9: 1004 | C9: Toyota | D9: Hilux Revo | E9: Single Cab | F9: Entry | G9: B | H9: 340000 | I9: 18900 | J9: 555000 | K9: 2023 | L9: ผน-5388 | M9: ระยอง | N9: 2024 | O9: 70353 | P9: 4WD | Q9: 2.8 | R9: เทา | S9: AT | T9: ดีเซล | U9: สุวินทวงศ์ | V9: ถูกยึดคืน
C10: หมายเหตุ: ค่าเช็คต้น 100 บาท ภาษีหมดอายุ 09-02-25 ผู้ซื้อต้องดำเนินการต่อภาษีเอง กรณีไม่มีป้ายภาษี ผู้ซื้อต้องรับผิดชอบคัดป้ายใหม่เอง กรณีรถติดอายัดจราจร หรือ มีค่าใช้จ่ายคงค้างจากการใช้ทางด่วน/M-flow ผู้ซื้อเป็นผู้รับผิดชอบค่าใช้จ่ายทุกกรณี
B11: 1005 | C11: Toyota | D11: Hilux Revo | E11: Double Cab | F11: Prerunner E Plus | G11: E | H11: 320000 | I11: 17400 | J11: 396000 | K11: 2020 | L11: 9กษ-6108 | M11: กรุงเทพมหานคร | N11: 2020 | O11: 70867 | P11: RWD | Q11: 2.4 | R11: ดำ | S11: MT | T11: ดีเซล | U11: สุวินทวงศ์ | V11: ถูกยึดคืน
C12: หมายเหตุ: ค่าเช็คต้น 100 บาท ภาษีหมดอายุ 10-04-25 ผู้ซื้อต้องดำเนินการต่อภาษีเอง กรณีไม่มีป้ายภาษี ผู้ซื้อต้องรับผิดชอบคัดป้ายใหม่เอง กรณีรถติดอายัดจราจร หรือ มีค่าใช้จ่ายคงค้างจากการใช้ทางด่วน/M-flow ผู้ซื้อเป็นผู้รับผิดชอบค่าใช้จ่ายทุกกรณี
B13: 1006 | C13: Toyota | D13: Yaris | F13: High | G13: C | H13: 210000 | I13: 18400 | J13: 262000 | K13: 2019 | L13: งษ-1245 | M13: ชลบุรี | N13: 2020 | O13: 58509 | P13: FWD | Q13: 1.2 | R13: ขาว | S13: AT | T13: เบนซิน | U13: สุวินทวงศ์ | V13: ถูกยึดคืน
C14: หมายเหตุ: มีค่าปรับ M-FLOW 1,980 บาท ค่าเช็คต้น 100 บาท ภาษีหมดอายุ 17-06-25 ผู้ซื้อต้องดำเนินการต่อภาษีเอง กรณีไม่มีป้ายภาษี ผู้ซื้อต้องรับผิดชอบคัดป้ายใหม่เอง กรณีรถติดอายัดจราจร หรือ มีค่าใช้จ่ายคงค้างจากการใช้ทางด่วน/M-flow ผู้ซื้อเป็นผู้รับผิดชอบค่าใช้จ่ายทุกกรณี
B15: 1007 | C15: Toyota | D15: Hilux Revo | E15: Smart Cab | F15: Prerunner G | G15: E | H15: 230000 | I15: 17400 | J15: 267000 | K15: 2015 | L15: 2ฒฉ-5989 | M15: กรุงเทพมหานคร | N15: 2017 | O15: 79119 | P15: RWD | Q15: 2.8 | R15: ดำ | S15: MT | T15: ดีเซล | U15: สุวินทวงศ์ | V15: ถูกยึดคืน
C16: หมายเหตุ: มีค่าปรับ M-FLOW 330 บาท ค่าเช็คต้น 100 บาท ภาษีหมดอายุ 22-11-24 ผู้ซื้อต้องดำเนินการต่อภาษีเอง กรณีไม่มีป้ายภาษี ผู้ซื้อต้องรับผิดชอบคัดป้ายใหม่เอง กรณีรถติดอายัดจราจร หรือ มีค่าใช้จ่ายคงค้างจากการใช้ทางด่วน/M-flow ผู้ซื้อเป็นผู้รับผิดชอบค่าใช้จ่ายทุกกรณี
B17: 1008 | C17: Toyota | D17: Hilux Revo | E17: Smart Cab | F17: Z Edition Entry | G17: B | H17: 272000 | I17: 15600 | J17: 351000 | K17: 2024 | L17: ผก-4504 | M17: พระนครศรีอยุธยา | N17: 2024 | O17: 21650 | P17: RWD | Q17: 2.4 | R17: เทา | S17: MT | T17: ดีเซล | U17: สุวินทวงศ์ | V17: ถูกยึดคืน
C18: หมายเหตุ: เลขเครื่องเป็นสนิม ขายตามสภาพ ค่าเช็คต้น 100 บาท ภาษีหมดอายุ 15-05-25 ผู้ซื้อต้องดำเนินการต่อภาษีเอง กรณีไม่มีป้ายภาษี ผู้ซื้อต้องรับผิดชอบคัดป้ายใหม่เอง กรณีรถติดอายัดจราจร หรือ มีค่าใช้จ่ายคงค้างจากการใช้ทางด่วน/M-flow ผู้ซื้อเป็นผู้รับผิดชอบค่าใช้จ่ายทุกกรณี
B19: 1009 | C19: Toyota | D19: Alphard | F19: HV | G19: C | H19: 1320000 | I19: 16000 | J19: 1400000 | K19: 2017 | L19: 9กฆ-2357 | M19: กรุงเทพมหานคร | N19: 2017 | O19: 188292 | P19: FWD | Q19: 2.5 | R19: ดำ | S19: AT | T19: ไฮบริด | U19: สุวินทวงศ์
C20: หมายเหตุ: ค่าโอนกรรมสิทธิ์ 3000 บาท กรณีติดอายัดจราจรผู้ซื้อเป็นผู้รับผิดชอบทุกกรณี
B21: 1010 | C21: Honda | D21: Civic | F21: E i-VTEC | G21: A+ | H21: 442000 | I21: 15000 | J21: 430000 | K21: 2020 | L21: 9กฬ-4007 | M21: กรุงเทพมหานคร | N21: 2020 | O21: 93450 | P21: FWD | Q21: 1.8 | R21: เทา | S21: AT | T21: เบนซิน | U21: สุวินทวงศ์ | V21: Op-เช่า
C22: หมายเหตุ: หากเอกสารหมดอายุ ขอเอกสารใหม่มีค่าใช้จ่าย 2000 บาท
B23: 1011 | C23: Mitsubishi | D23: Triton | E23: Extra Cab | F23: GLX | G23: F | H23: 50000 | I23: 10000 | J23: 50000 | K23: 2012 | L23: 2ฒม-8433 | M23: กรุงเทพมหานคร | N23: 2012 | O23: 451619 | P23: RWD | Q23: 2.5 | R23: เทา | S23: MT | T23: ดีเซล | U23: สุวินทวงศ์
C24: หมายเหตุ: เลขเครื่องเป็นสนิม แซสซีเป็นสนิม เบาะโดยสารดัดแปลงมา ขายตามสภาพ ไม่มีแผ่นป้ายทะเบียนหลัง ผู้ซื้อดำเนินการคัดป้ายใหม่เอง กรณีเอกสารหมดอายุหรือสูญหาย ขอเอกสารใหม่มีค่าใช้จ่าย 500 บาท
B25: 1012 | C25: Honda | D25: Jazz | F25: S i-VTEC | G25: E | H25: 180000 | I25: 10000 | J25: 230000 | K25: 2016 | L25: 5กท-9451 | M25: กรุงเทพมหานคร | N25: 2016 | O25: 156873 | P25: FWD | Q25: 1.5 | R25: ขาว | S25: AT | T25: เบนซิน | U25: สุวินทวงศ์
C26: หมายเหตุ: กรณีเอกสารหมดอายุหรือสูญหาย ขอเอกสารใหม่มีค่าใช้จ่าย 500 บาท
B27: 1013 | C27: Toyota | D27: Hilux Vigo | E27: Extra Cab | F27: J | G27: F | H27: 50000 | I27: 10000 | J27: 62000 | K27: 2009 | L27: บท-8316 | M27: นครพนม | N27: 2009 | O27: 339626 | P27: RWD | Q27: 2.5 | R27: ขาว | S27: MT | T27: ดีเซล | U27: สุวินทวงศ์
C28: หมายเหตุ: แซสซีเป็นสนิม ขายตามสภาพ มีค่าปรับ M-flow 990 บาท กรณีเอกสารหมดอายุหรือสูญหาย ขอเอกสารใหม่มีค่าใช้จ่าย 500 บาท
B29: 1014 | C29: Isuzu | D29: D-Max | E29: Double Cab | F29: Hi-Lander L DA | G29: A | H29: 440000 | I29: 10000 | J29: 545000 | K29: 2022 | L29: กว-7605 | M29: นครปฐม | N29: 2022 | O29: 18592 | P29: RWD | Q29: 1.9 | R29: เทา | S29: MT | T29: ดีเซล | U29: สุวินทวงศ์
C30: หมายเหตุ: (KA) กรณีเอกสารหมดอายุหรือสูญหาย ขอเอกสารใหม่มีค่าใช้จ่าย 500 บาท
B31: 1015 | C31: Nissan | D31: Sylphy | F31: V | G31: F | H31: 100000 | I31: 10000 | J31: 120000 | K31: 2014 | L31: 2ขช-268 | M31: กรุงเทพมหานคร | N31: 2014 | O31: 206281 | P31: FWD | Q31: 1.6 | R31: ขาว | S31: AT | T31: เบนซิน | U31: สุวินทวงศ์
C32: หมายเหตุ: รถน้ำท่วม ขายตามสภาพ กรณีเอกสารหมดอายุหรือสูญหาย ขอเอกสารใหม่มีค่าใช้จ่าย 500 บาท
B33: 1016 | C33: Toyota | D33: Fortuner | F33: V | G33: E | H33: 140000 | I33: 10000 | J33: 242000 | K33: 2006 | L33: ญท-3528 | M33: กรุงเทพมหานคร | N33: 2006 | O33: 232875 | P33: 4WD | Q33: 3 | R33: ดำ | S33: AT | T33: ดีเซล | U33: สุวินทวงศ์
C34: หมายเหตุ: มีค่าปรับ M-flow 1320 บาท กรณีเอกสารหมดอายุหรือสูญหาย ขอเอกสารใหม่มีค่าใช้จ่าย 500 บาท
B35: 1017 | C35: Isuzu | D35: D-Max | E35: Double Cab | F35: Hi-Lander Z | G35: E | H35: 160000 | I35: 10000 | J35: 206000 | K35: 2012 | L35: ฆห-9050 | M35: กรุงเทพมหานคร | N35: 2012 | O35: 243389 | P35: RWD | Q35: 2.5 | R35: ขาว | S35: MT | T35: ดีเซล | U35: สุวินทวงศ์
C36: หมายเหตุ: เลขเครื่องเป็นสนิม ขายตามสภาพ รถติดอายัดจราจร มีใบสั่ง 1 ใบ ปรับ 1000 บาท กรณีเอกสารหมดอายุหรือสูญหาย ขอเอกสารใหม่มีค่าใช้จ่าย 500 บาท
B37: 1018 | C37: Honda | D37: Civic | F37: E i-VTEC | G37: E | H37: 300000 | I37: 10000 | J37: 340000 | K37: 2018 | L37: กต-9803 | M37: สระแก้ว | N37: 2018 | O37: 140796 | P37: FWD | Q37: 1.8 | R37: เทา | S37: AT | T37: เบนซิน | U37: สุวินทวงศ์
C38: หมายเหตุ: กรณีเอกสารหมดอายุหรือสูญหาย ขอเอกสารใหม่มีค่าใช้จ่าย 500 บาท
B39: 1019 | C39: Mitsubishi | D39: Triton | E39: Smart Cab | F39: GLS Plus | G39: C | H39: 210000 | I39: 10000 | J39: 284000 | K39: 2018 | L39: 2ฒษ-1301 | M39: กรุงเทพมหานคร | N39: 2019 | O39: 54018 | P39: RWD | Q39: 2.4 | R39: ขาว | S39: MT | T39: ดีเซล | U39: สุวินทวงศ์
C40: หมายเหตุ: เลขถังเป็นสนิม ขายตามสภาพ กรณีเอกสารหมดอายุหรือสูญหาย ขอเอกสารใหม่มีค่าใช้จ่าย 500 บาท
B41: 1020 | C41: Isuzu | D41: D-Max | E41: Extra Cab | F41: Hi-Lander Super Titanium | G41: E | H41: 90000 | I41: 10000 | J41: 129000 | K41: 2010 | L41: 3ฒว-1031 | M41: กรุงเทพมหานคร | N41: 2011 | O41: 181688 | P41: RWD | Q41: 2.5 | R41: เทา | S41: MT | T41: ดีเซล | U41: สุวินทวงศ์
C42: หมายเหตุ: กรณีเอกสารหมดอายุหรือสูญหาย ขอเอกสารใหม่มีค่าใช้จ่าย 500 บาท
B43: 1021 | C43: Mitsubishi | D43: Triton | E43: Double Cab | F43: GLS Plus | G43: E | H43: 280000 | I43: 10000 | J43: 320000 | K43: 2022 | L43: งจ-3246 | M43: ขอนแก่น | N43: 2022 | O43: 51060 | P43: RWD | Q43: 2.4 | R43: ขาว | S43: MT | T43: ดีเซล | U43: สุวินทวงศ์
C44: หมายเหตุ: รถติดสติ๊กเกอร์มา ขายตามสภาพ ผู้ซื้อดำเนินการเอง กรณีเอกสารหมดอายุหรือสูญหาย ขอเอกสารใหม่มีค่าใช้จ่าย 500 บาท
B45: 1022 | C45: Toyota | D45: Hilux Revo | E45: Smart Cab | F45: J Plus | G45: C | H45: 250000 | I45: 10000 | J45: 272000 | K45: 2018 | L45: 2ฒฐ-2486 | M45: กรุงเทพมหานคร | N45: 2018 | O45: 108935 | P45: RWD | Q45: 2.4 | R45: ดำ | S45: MT | T45: ดีเซล | U45: สุวินทวงศ์
C46: หมายเหตุ: (KA) กรณีเอกสารหมดอายุหรือสูญหาย ขอเอกสารใหม่มีค่าใช้จ่าย 500 บาท
B47: 1023 | C47: Toyota | D47: Vios | F47: E | G47: E | H47: 60000 | I47: 10000 | J47: 141000 | K47: 2013 | L47: 2กว-8216 | M47: กรุงเทพมหานคร | N47: 2013 | O47: 120563 | P47: FWD | Q47: 1.5 | R47: ขาว | S47: AT | T47: เบนซิน | U47: สุวินทวงศ์
C48: หมายเหตุ: รถติดอายัดจราจร มีใบสั่ง 2 ใบ ปรับ 1,000 บาท กรณีเอกสารหมดอายุหรือสูญหาย ขอเอกสารใหม่มีค่าใช้จ่าย 500 บาท
B49: 1024 | C49: Toyota | D49: Hilux Revo | E49: Smart Cab | F49: J | G49: F | H49: 150000 | I49: 10000 | J49: 166000 | K49: 2016 | L49: 3ฒษ-1231 | M49: กรุงเทพมหานคร | N49: 2016 | O49: 122648 | P49: RWD | Q49: 2.4 | R49: ขาว | S49: MT | T49: ดีเซล | U49: สุวินทวงศ์
C50: หมายเหตุ: เลขไมล์ผิดปกติ ขายตามสภาพ มีค่าปรับ M-flow 660 บาท กรณีเอกสารหมดอายุหรือสูญหาย ขอเอกสารใหม่มีค่าใช้จ่าย 500 บาท
B51: 1025 | C51: Honda | D51: Civic | F51: S i-VTEC | G51: F | H51: 40000 | I51: 10000 | J51: 46000 | K51: 2007 | L51: ชส-4852 | M51: กรุงเทพมหานคร | N51: 2008 | O51: 297069 | P51: FWD | Q51: 1.8 | R51: ดำ | S51: AT | T51: เบนซิน | U51: สุวินทวงศ์ | V51: ถูกยึดคืน
C52: หมายเหตุ: Airbag แตก ขายตามสภาพ กรณีเอกสารหมดอายุหรือสูญหาย ขอเอกสารใหม่มีค่าใช้จ่าย 500 บาท
B53: 1026-1 | C53: Toyota | D53: Hilux Revo | E53: Smart Cab | F53: Prerunner High | G53: S | H53: 820000 | I53: 15500 | J53: 700000 | K53: 2024 | L53: ไม่มีป้ายทะเบียน#54386 | M53: - | O53: 9 | P53: 4WD | Q53: 2.8 | R53: ขาว | S53: MT | T53: ดีเซล | U53: สุวินทวงศ์ | V53: รถบริษัท
C54: หมายเหตุ: รถป้ายแดง ไม่มีแผ่นป้ายทะเบียน มีเอกสารชุดแจ้งจำหน่าย ผู้ประมูลต้องดำเนินการจดป้ายใหม่เอง ไม่มีเบาะแคป ขายตามสภาพ
B55: 1027 | C55: Mercedes-Benz | D55: E350 | F55: e Exclusive | G55: C | H55: 778000 | I55: 16500 | J55: 764000 | K55: 2018 | L55: 7กม-1075 | M55: กรุงเทพมหานคร | N55: 2018 | O55: 193042 | P55: RWD | Q55: 2 | R55: เทา | S55: AT | T55: ไฮบริด | U55: สุวินทวงศ์
C56: หมายเหตุ: เล่มทะเบียนชุดโอนจัดส่งภายใน 30 วัน หลังการประมูล หากเอกสารหมดอายุ ขอเอกสารใหม่ มีค่าใช้จ่าย 1,500 บาท ภาษีหมดอายุ ผู้ซื้อต้องต่อภาษีเอง
B57: 1028 | C57: Toyota | D57: Hilux Revo | E57: Smart Cab | F57: Prerunner E Plus | G57: C | H57: 250000 | I57: 19600 | J57: 318000 | K57: 2018 | L57: บพ-3391 | M57: พิจิตร | N57: 2019 | O57: 74401 | P57: RWD | Q57: 2.4 | R57: ดำ | S57: MT | T57: ดีเซล | U57: สุวินทวงศ์ | V57: ถูกยึดคืน
C58: หมายเหตุ: ค่าเช็คต้น 100 บาท ภาษีหมดอายุ 28-01-23 ผู้ซื้อต้องดำเนินการต่อภาษีเอง กรณีไม่มีป้ายภาษี ผู้ซื้อต้องรับผิดชอบคัดป้ายใหม่เอง กรณีรถติดอายัดจราจร หรือ มีค่าใช้จ่ายคงค้างจากการใช้ทางด่วน/M-flow ผู้ซื้อเป็นผู้รับผิดชอบค่าใช้จ่ายทุกกรณี
B59: 1029 | C59: Toyota | D59: Hilux Revo | E59: Smart Cab | F59: Z Edition Mid | G59: E | H59: 255000 | I59: 19600 | J59: 236000 | K59: 2020 | L59: 3ฒฆ-4598 | M59: กรุงเทพมหานคร | N59: 2020 | O59: 215341 | P59: RWD | Q59: 2.4 | R59: เทา | S59: AT | T59: ดีเซล | U59: สุวินทวงศ์ | V59: ถูกยึดคืน
C60: หมายเหตุ: ค่าเช็คต้น 100 บาท ภาษีหมดอายุ 26-11-25 ผู้ซื้อต้องดำเนินการต่อภาษีเอง กรณีไม่มีป้ายภาษี ผู้ซื้อต้องรับผิดชอบคัดป้ายใหม่เอง กรณีรถติดอายัดจราจร หรือ มีค่าใช้จ่ายคงค้างจากการใช้ทางด่วน/M-flow ผู้ซื้อเป็นผู้รับผิดชอบค่าใช้จ่ายทุกกรณี
B61: 1030 | C61: Toyota | D61: Camry | F61: G | G61: E | H61: 170000 | I61: 15600 | J61: 160000 | K61: 2012 | L61: ฆห-7273 | M61: กรุงเทพมหานคร | N61: 2012 | O61: 131241 | P61: FWD | Q61: 2.5 | R61: ดำ | S61: AT | T61: เบนซิน | U61: สุวินทวงศ์ | V61: ถูกยึดคืน
C62: หมายเหตุ: ค่าเช็คต้น 100 บาท ภาษีหมดอายุ 06-11-24 ผู้ซื้อต้องดำเนินการต่อภาษีเอง กรณีไม่มีป้ายภาษี ผู้ซื้อต้องรับผิดชอบคัดป้ายใหม่เอง กรณีรถติดอายัดจราจร หรือ มีค่าใช้จ่ายคงค้างจากการใช้ทางด่วน/M-flow ผู้ซื้อเป็นผู้รับผิดชอบค่าใช้จ่ายทุกกรณี
B63: 1031 | C63: Mercedes-Benz | D63: E250 | F63: AMG Plus | G63: D | H63: 400000 | I63: 20100 | J63: 526000 | K63: 2010 | L63: ฆก-8828 | M63: กรุงเทพมหานคร | N63: 2012 | O63: 222415 | P63: RWD | Q63: 1.8 | R63: ดำ | S63: AT | T63: เบนซิน | U63: สุวินทวงศ์ | V63: ถูกยึดคืน
C64: หมายเหตุ: ทะเบียนเคยระงับใช้ ค่าเช็คต้น 100 บาท ภาษีหมดอายุ 25-08-25 ผู้ซื้อต้องดำเนินการต่อภาษีเอง กรณีไม่มีป้ายภาษี ผู้ซื้อต้องรับผิดชอบคัดป้ายใหม่เอง กรณีรถติดอายัดจราจร หรือ มีค่าใช้จ่ายคงค้างจากการใช้ทางด่วน/M-flow ผู้ซื้อเป็นผู้รับผิดชอบค่าใช้จ่ายทุกกรณี
B65: 1032 | C65: Suzuki | D65: Celerio | F65: GL | G65: B | H65: 102000 | I65: 18900 | J65: 152000 | K65: 2021 | L65: งท-9605 | M65: นครราชสีมา | N65: 2021 | O65: 28739 | P65: FWD | Q65: 1 | R65: แดง | S65: AT | T65: เบนซิน | U65: สุวินทวงศ์ | V65: ถูกยึดคืน
C66: หมายเหตุ: ค่าเช็คต้น 100 บาท ภาษีหมดอายุ 03-08-25 ผู้ซื้อต้องดำเนินการต่อภาษีเอง กรณีไม่มีป้ายภาษี ผู้ซื้อต้องรับผิดชอบคัดป้ายใหม่เอง กรณีรถติดอายัดจราจร หรือ มีค่าใช้จ่ายคงค้างจากการใช้ทางด่วน/M-flow ผู้ซื้อเป็นผู้รับผิดชอบค่าใช้จ่ายทุกกรณี
B67: 1033 | C67: Toyota | D67: Hilux Revo | E67: Single Cab | F67: Entry | G67: D | H67: 260000 | I67: 15600 | J67: 334000 | K67: 2023 | L67: 4ฒข-2421 | M67: กรุงเทพมหานคร | N67: 2024 | O67: 92225 | P67: RWD | Q67: 2.8 | R67: ขาว | S67: MT | T67: ดีเซล | U67: สุวินทวงศ์ | V67: ถูกยึดคืน
C68: หมายเหตุ: สีไม่ตรงเล่ม ขายตามสภาพ ผู้ซื้อดำเนินการเอง ค่าเช็คต้น 100 บาท ภาษีหมดอายุ 11-10-25 ผู้ซื้อต้องดำเนินการต่อภาษีเอง กรณีไม่มีป้ายภาษี ผู้ซื้อต้องรับผิดชอบคัดป้ายใหม่เอง กรณีรถติดอายัดจราจร หรือ มีค่าใช้จ่ายคงค้างจากการใช้ทางด่วน/M-flow ผู้ซื้อเป็นผู้รับผิดชอบค่าใช้จ่ายทุกกรณี
B69: 1034 | C69: Toyota | D69: Corolla Altis | F69: G | G69: C | H69: 140000 | I69: 20900 | J69: 126000 | K69: 2016 | L69: กง-9938 | M69: อำนาจเจริญ | N69: 2016 | O69: 177741 | P69: FWD | Q69: 1.6 | R69: เทา | S69: AT | T69: เบนซิน | U69: สุวินทวงศ์ | V69: ถูกยึดคืน
C70: หมายเหตุ: เปลี่ยนสีมา ลงเล่มแล้ว ค่าเช็คต้น 100 บาท ภาษีหมดอายุ 13-07-24 ผู้ซื้อต้องดำเนินการต่อภาษีเอง กรณีไม่มีป้ายภาษี ผู้ซื้อต้องรับผิดชอบคัดป้ายใหม่เอง กรณีรถติดอายัดจราจร หรือ มีค่าใช้จ่ายคงค้างจากการใช้ทางด่วน/M-flow ผู้ซื้อเป็นผู้รับผิดชอบค่าใช้จ่ายทุกกรณี
B71: 1035 | C71: Toyota | D71: Hilux Revo | E71: Smart Cab | F71: Prerunner E Plus | G71: C | H71: 250000 | I71: 18900 | J71: 314000 | K71: 2017 | L71: ยค-8919 | M71: นครราชสีมา | N71: 2018 | O71: 68285 | P71: RWD | Q71: 2.4 | R71: เทา | S71: AT | T71: ดีเซล | U71: สุวินทวงศ์ | V71: ถูกยึดคืน
C72: หมายเหตุ: ค่าเช็คต้น 100 บาท ภาษีหมดอายุ 04-01-25 ผู้ซื้อต้องดำเนินการต่อภาษีเอง กรณีไม่มีป้ายภาษี ผู้ซื้อต้องรับผิดชอบคัดป้ายใหม่เอง กรณีรถติดอายัดจราจร หรือ มีค่าใช้จ่ายคงค้างจากการใช้ทางด่วน/M-flow ผู้ซื้อเป็นผู้รับผิดชอบค่าใช้จ่ายทุกกรณี
B73: 1036 | C73: Toyota | D73: Vios | F73: Entry | G73: A | H73: 217000 | I73: 15000 | J73: 241000 | K73: 2018 | L73: 7กศ-3249 | M73: กรุงเทพมหานคร | N73: 2018 | O73: 143719 | P73: FWD | Q73: 1.5 | R73: เทา | S73: AT | T73: เบนซิน | U73: สุวินทวงศ์ | V73: Op-เช่า
C74: หมายเหตุ: หากเอกสารหมดอายุ ขอเอกสารใหม่มีค่าใช้จ่าย 2000 บาท
B75: 1037 | C75: Toyota | D75: Hilux Revo | E75: Smart Cab | F75: Z Edition Entry | G75: B | H75: 280000 | I75: 19900 | J75: 256000 | K75: 2022 | L75: 3ฒธ-6525 | M75: กรุงเทพมหานคร | N75: 2022 | O75: 48628 | P75: RWD | Q75: 2.4 | R75: ขาว | S75: MT | T75: ดีเซล | U75: สุวินทวงศ์ | V75: Op-เช่า
C76: หมายเหตุ: เลขเครื่องเป็นสนิม ขายตามสภาพ ผู้ซื้อต้องดำเนินการโอนภายใน 45 วัน หากเกินกำหนด ขอเอกสารใหม่ มีค่าใช้จ่าย 2,000 บาท ผู้ขายยกเลิกประกันภัยภาคสมัครใจ และ พรบ. แล้ว กรณีรถติดอายัดในเรื่องของจราจร ผู้ซื้อเป็นผู้รับผิดชอบค่าใช้จ่ายทุกกรณี ค่าดำเนินการอื่น 5,000 บาท (ไม่รวม Vat) ไม่มีแผ่นป้ายภาษี ผู้ซื้อดำเนินการคัดป้ายใหม่เอง
B77: 1038 | C77: Toyota | D77: Corolla Altis | F77: G | G77: C | H77: 236000 | I77: 15000 | J77: 226000 | K77: 2018 | L77: 7กผ-8503 | M77: กรุงเทพมหานคร | N77: 2018 | O77: 98188 | P77: FWD | Q77: 1.6 | R77: เทา | S77: AT | T77: แก๊ส | U77: สุวินทวงศ์
C78: หมายเหตุ: ติดแก๊สมา ลงเล่มแล้ว ผู้ซื้อต้องทำการโอนกรรมสิทธิ์ 2 ต่อ /ผู้ซื้อต้องดำเนินการโอนภายใน 30 วัน เล่มทะเบียนชุดโอนจัดส่งภายใน 30 วัน หลังการประมูล หากเกินกำหนด ขอเอกสารใหม่ มีค่าใช้จ่าย 1,500 บาท กรณีไม่มีป้ายภาษี ผู้ซื้อต้องรับผิดชอบคัดป้ายใหม่เอง
B79: 1039 | C79: Lexus | D79: UX250h | F79: Grand Luxury | G79: A+ | H79: 1692000 | I79: 16000 | J79: 1656000 | K79: 2023 | L79: 4ขฐ-4762 | M79: กรุงเทพมหานคร | N79: 2023 | O79: 9924 | P79: FWD | Q79: 2 | R79: เทา | S79: AT | T79: ไฮบริด | U79: สุวินทวงศ์
C80: หมายเหตุ: ผู้ซื้อต้องทำการโอนกรรมสิทธิ์ 2 ต่อ เล่มทะเบียนชุดโอนจัดส่งภายใน 30 วัน หลังการประมูล หากเอกสารหมดอายุ ขอเอกสารใหม่ มีค่าใช้จ่าย 1,500 บาท กรณีภาษีหมดอายุ ผู้ซื้อต้องต่อภาษีเอง
B81: 1040 | C81: Toyota | D81: Hilux Revo | E81: Smart Cab | F81: Prerunner Entry | G81: B | H81: 320000 | I81: 17300 | J81: 361000 | K81: 2021 | L81: ธ-6656 | M81: กรุงเทพมหานคร | O81: 99903 | P81: RWD | Q81: 2.4 | R81: ขาว | S81: MT | T81: ดีเซล | U81: สุวินทวงศ์ | V81: ถูกยึดคืน
C82: หมายเหตุ: รถป้ายแดง ไม่มีแผ่นป้ายทะเบียน มีเอกสารชุดแจ้งจำหน่าย ผู้ประมูลต้องดำเนินการจดป้ายใหม่เอง กรณีภาษีหมดอายุ ผู้ซื้อต้องดำเนินการต่อภาษีเอง กรณีไม่มีป้ายภาษี ผู้ซื้อต้องรับผิดชอบคัดป้ายใหม่เอง กรณีรถติดอายัดจราจร หรือ มีค่าใช้จ่ายคงค้างจากการใช้ทางด่วน/M-flow ผู้ซื้อเป็นผู้รับผิดชอบค่าใช้จ่ายทุกกรณี
B83: 1041 | C83: Toyota | D83: Hilux Revo | E83: Single Cab | F83: Entry | G83: E | H83: 230000 | I83: 18200 | J83: 262000 | K83: 2022 | L83: บม-4572 | M83: สระแก้ว | N83: 2022 | O83: 97316 | P83: RWD | Q83: 2.4 | R83: เทา | S83: MT | T83: ดีเซล | U83: สุวินทวงศ์ | V83: ถูกยึดคืน
C84: หมายเหตุ: มีค่าปรับ M-FLOW 660 บาท ค่าเช็คต้น 100 บาท ภาษีหมดอายุ 21-04-23 ผู้ซื้อต้องดำเนินการต่อภาษีเอง กรณีไม่มีป้ายภาษี ผู้ซื้อต้องรับผิดชอบคัดป้ายใหม่เอง กรณีรถติดอายัดจราจร หรือ มีค่าใช้จ่ายคงค้างจากการใช้ทางด่วน/M-flow ผู้ซื้อเป็นผู้รับผิดชอบค่าใช้จ่ายทุกกรณี
B85: 1042 | C85: Toyota | D85: Yaris | F85: E | G85: C | H85: 182000 | I85: 19600 | J85: 254000 | K85: 2019 | L85: 9กฒ-1609 | M85: กรุงเทพมหานคร | N85: 2019 | O85: 77275 | P85: FWD | Q85: 1.2 | R85: ดำ | S85: AT | T85: เบนซิน | U85: สุวินทวงศ์ | V85: ถูกยึดคืน
C86: หมายเหตุ: ค่าเช็คต้น 100 บาท ภาษีหมดอายุ 15-11-24 ผู้ซื้อต้องดำเนินการต่อภาษีเอง กรณีไม่มีป้ายภาษี ผู้ซื้อต้องรับผิดชอบคัดป้ายใหม่เอง กรณีรถติดอายัดจราจร หรือ มีค่าใช้จ่ายคงค้างจากการใช้ทางด่วน/M-flow ผู้ซื้อเป็นผู้รับผิดชอบค่าใช้จ่ายทุกกรณี
B87: 1043 | C87: Toyota | D87: Hilux Revo | E87: Single Cab | F87: Entry | G87: E | H87: 190000 | I87: 18200 | J87: 228000 | K87: 2021 | L87: ผข-5911 | M87: ราชบุรี | N87: 2022 | O87: 169482 | P87: RWD | Q87: 2.4 | R87: ขาว | S87: MT | T87: ดีเซล | U87: สุวินทวงศ์ | V87: ถูกยึดคืน
C88: หมายเหตุ: ค่าเช็คต้น 100 บาท ภาษีหมดอายุ 27-04-25 ผู้ซื้อต้องดำเนินการต่อภาษีเอง กรณีไม่มีป้ายภาษี ผู้ซื้อต้องรับผิดชอบคัดป้ายใหม่เอง กรณีรถติดอายัดจราจร หรือ มีค่าใช้จ่ายคงค้างจากการใช้ทางด่วน/M-flow ผู้ซื้อเป็นผู้รับผิดชอบค่าใช้จ่ายทุกกรณี
B89: 1044 | C89: Toyota | D89: Hilux Revo | E89: Smart Cab | F89: Z Edition Entry | G89: A | H89: 272000 | I89: 19600 | J89: 326000 | K89: 2023 | L89: ผผ-8368 | M89: อุบลราชธานี | N89: 2024 | O89: 25957 | P89: RWD | Q89: 2.4 | R89: เทา | S89: MT | T89: ดีเซล | U89: สุวินทวงศ์ | V89: ถูกยึดคืน
C90: หมายเหตุ: ค่าเช็คต้น 100 บาท ภาษีหมดอายุ 07-02-25 ผู้ซื้อต้องดำเนินการต่อภาษีเอง กรณีไม่มีป้ายภาษี ผู้ซื้อต้องรับผิดชอบคัดป้ายใหม่เอง กรณีรถติดอายัดจราจร หรือ มีค่าใช้จ่ายคงค้างจากการใช้ทางด่วน/M-flow ผู้ซื้อเป็นผู้รับผิดชอบค่าใช้จ่ายทุกกรณี
B91: 1045 | C91: Toyota | D91: Hilux Revo | E91: Smart Cab | F91: Prerunner J Plus | G91: E | H91: 240000 | I91: 19600 | J91: 290000 | K91: 2018 | L91: ผล-9761 | M91: ขอนแก่น | N91: 2018 | O91: 121034 | P91: RWD | Q91: 2.4 | R91: เทา | S91: MT | T91: ดีเซล | U91: สุวินทวงศ์ | V91: ถูกยึดคืน
C92: หมายเหตุ: ค่าเช็คต้น 100 บาท ภาษีหมดอายุ 10-08-25 ผู้ซื้อต้องดำเนินการต่อภาษีเอง กรณีไม่มีป้ายภาษี ผู้ซื้อต้องรับผิดชอบคัดป้ายใหม่เอง กรณีรถติดอายัดจราจร หรือ มีค่าใช้จ่ายคงค้างจากการใช้ทางด่วน/M-flow ผู้ซื้อเป็นผู้รับผิดชอบค่าใช้จ่ายทุกกรณี
B93: 1046 | C93: Toyota | D93: Yaris Ativ | F93: S+ | G93: C | H93: 210000 | I93: 19600 | J93: 268000 | K93: 2019 | L93: กม-2813 | M93: ราชบุรี | N93: 2019 | O93: 29184 | P93: FWD | Q93: 1.2 | R93: แดง | S93: AT | T93: เบนซิน | U93: สุวินทวงศ์ | V93: ถูกยึดคืน
C94: หมายเหตุ: ค่าเช็คต้น 100 บาท ภาษีหมดอายุ 21-05-24 ผู้ซื้อต้องดำเนินการต่อภาษีเอง กรณีไม่มีป้ายภาษี ผู้ซื้อต้องรับผิดชอบคัดป้ายใหม่เอง กรณีรถติดอายัดจราจร หรือ มีค่าใช้จ่ายคงค้างจากการใช้ทางด่วน/M-flow ผู้ซื้อเป็นผู้รับผิดชอบค่าใช้จ่ายทุกกรณี
B95: 1047 | C95: Toyota | D95: Hilux Revo | E95: Double Cab | F95: Mid | G95: C | H95: 420000 | I95: 15600 | J95: 478000 | K95: 2022 | L95: 3ขข-1732 | M95: กรุงเทพมหานคร | N95: 2022 | O95: 77745 | P95: RWD | Q95: 2.4 | R95: ดำ | S95: MT | T95: ดีเซล | U95: สุวินทวงศ์ | V95: ถูกยึดคืน
C96: หมายเหตุ: ค่าเช็คต้น 100 บาท ภาษีหมดอายุ 25-05-24 ผู้ซื้อต้องดำเนินการต่อภาษีเอง กรณีไม่มีป้ายภาษี ผู้ซื้อต้องรับผิดชอบคัดป้ายใหม่เอง กรณีรถติดอายัดจราจร หรือ มีค่าใช้จ่ายคงค้างจากการใช้ทางด่วน/M-flow ผู้ซื้อเป็นผู้รับผิดชอบค่าใช้จ่ายทุกกรณี
B97: 1048 | C97: Toyota | D97: Corolla Altis | F97: G | G97: A | H97: 419000 | I97: 15000 | J97: 443000 | K97: 2021 | L97: 9กข-7928 | M97: กรุงเทพมหานคร | N97: 2021 | O97: 40396 | P97: FWD | Q97: 1.6 | R97: เทา | S97: AT | T97: เบนซิน | U97: สุวินทวงศ์ | V97: Op-เช่า
C98: หมายเหตุ: หากเอกสารหมดอายุ ขอเอกสารใหม่มีค่าใช้จ่าย 2000 บาท
B99: 1049 | C99: Toyota | D99: Hilux Revo | E99: Smart Cab | F99: Z Edition Entry | G99: E | H99: 284000 | I99: 21500 | J99: 260000 | K99: 2022 | L99: 3ฒภ-8440 | M99: กรุงเทพมหานคร | N99: 2022 | O99: 16398 | P99: RWD | Q99: 2.4 | R99: ขาว | S99: MT | T99: ดีเซล | U99: สุวินทวงศ์ | V99: Op-เช่า
C100: หมายเหตุ: ผู้ซื้อต้องดำเนินการโอนภายใน 45 วัน หากเกินกำหนด ขอเอกสารใหม่ มีค่าใช้จ่าย 2,000 บาท ผู้ขายยกเลิกประกันภัยภาคสมัครใจ และ พรบ. แล้ว กรณีรถติดอายัดในเรื่องของจราจร ผู้ซื้อเป็นผู้รับผิดชอบค่าใช้จ่ายทุกกรณี ค่าดำเนินการอื่น 6,500 บาท (ไม่รวม Vat) ไม่มีแผ่นป้ายภาษี ผู้ซื้อดำเนินการคัดป้ายใหม่เอง ภาษีหมดอายุ ผู้ซื้อต้องดำเนินการต่อภาษีเอง
...

Sheet 23012025
C1: 45680 | D1: 92 | E1: =COUNTA(B:B)-1 -> 92
A2: รูปภาพ | B2: ลำดับที่ | C2: ยี่ห้อ | D2: รุ่น | E2: ประเภทรถกระบะ | F2: รุ่นย่อย | G2: เกรด | H2: ราคาเริ่มต้น (ไม่รวมvat) | I2: ค่าธรรมเนียม (ไม่รวมvat) | J2: ราคาสูงสุด | K2: ปีที่ผลิต | L2: ป้ายทะเบียนรถ | M2: จังหวัด | N2: ปีที่จดทะเบียน | O2: เลขไมล์ (กม.) | P2: ระบบขับเคลื่อน | Q2: ความจุ (CC) | R2: สี | S2: ระบบเกียร์ | T2: เชื้อเพลิง | U2: สถานที่จอดรถ | V2: ประเภทรถประมูล
B3: 1001 | C3: Toyota | D3: Hilux Revo | E3: Double Cab | F3: Prerunner Entry | G3: A+ | H3: 460000 | I3: 19600 | J3: 620000 | K3: 2022 | L3: กร-2199 | M3: ฉะเชิงเทรา | N3: 2023 | O3: 16699 | P3: FWD | Q3: 2.4 | R3: ขาว | S3: AT | T3: ดีเซล | U3: สุวินทวงศ์ | V3: ถูกยึดคืน
C4: หมายเหตุ: ค่าเช็คต้น 100 บาท ภาษีหมดอายุ 07-07-25 ผู้ซื้อต้องดำเนินการต่อภาษีเอง กรณีไม่มีป้ายภาษี ผู้ซื้อต้องรับผิดชอบคัดป้ายใหม่เอง กรณีรถติดอายัดจราจร หรือ มีค่าใช้จ่ายคงค้างจากการใช้ทางด่วน/M-flow ผู้ซื้อเป็นผู้รับผิดชอบค่าใช้จ่ายทุกกรณี
B5: 1002 | C5: Toyota | D5: Yaris | F5: Sport | G5: A | H5: 250000 | I5: 20600 | J5: 298000 | K5: 2020 | L5: กน-2536 | M5: เพชรบูรณ์ | N5: 2021 | O5: 91040 | P5: RWD | Q5: 1.2 | R5: ขาว | S5: AT | T5: เบนซิน | U5: สุวินทวงศ์ | V5: ถูกยึดคืน
C6: หมายเหตุ: ค่าเช็คต้น 100 บาท ภาษีหมดอายุ 20-01-24 ผู้ซื้อต้องดำเนินการต่อภาษีเอง กรณีไม่มีป้ายภาษี ผู้ซื้อต้องรับผิดชอบคัดป้ายใหม่เอง กรณีรถติดอายัดจราจร หรือ มีค่าใช้จ่ายคงค้างจากการใช้ทางด่วน/M-flow ผู้ซื้อเป็นผู้รับผิดชอบค่าใช้จ่ายทุกกรณี
B7: 1003 | C7: Toyota | D7: Hilux Revo | E7: Double Cab | F7: Z Edition Entry | G7: A | H7: 310000 | I7: 19600 | J7: 401000 | K7: 2023 | L7: กพ-1290 | M7: กระบี่ | N7: 2023 | O7: 26851 | P7: RWD | Q7: 2.4 | R7: เทา | S7: MT | T7: ดีเซล | U7: สุวินทวงศ์ | V7: ถูกยึดคืน
C8: หมายเหตุ: ค่าเช็คต้น 100 บาท ภาษีหมดอายุ 31-03-25 ผู้ซื้อต้องดำเนินการต่อภาษีเอง กรณีไม่มีป้ายภาษี ผู้ซื้อต้องรับผิดชอบคัดป้ายใหม่เอง กรณีรถติดอายัดจราจร หรือ มีค่าใช้จ่ายคงค้างจากการใช้ทางด่วน/M-flow ผู้ซื้อเป็นผู้รับผิดชอบค่าใช้จ่ายทุกกรณี
B9: 1004 | C9: Toyota | D9: Corolla Cross | F9: Hybrid Premium Safety | G9: B | H9: 580000 | I9: 18400 | J9: 598000 | K9: 2020 | L9: ขธ-7818 | M9: ระยอง | N9: 2021 | O9: 94006 | P9: FWD | Q9: 1.8 | R9: แดง | S9: AT | T9: ไฮบริด | U9: สุวินทวงศ์ | V9: ถูกยึดคืน
C10: หมายเหตุ: ค่าเช็คต้น 100 บาท ภาษีหมดอายุ 25-04-24 ผู้ซื้อต้องดำเนินการต่อภาษีเอง กรณีไม่มีป้ายภาษี ผู้ซื้อต้องรับผิดชอบคัดป้ายใหม่เอง กรณีรถติดอายัดจราจร หรือ มีค่าใช้จ่ายคงค้างจากการใช้ทางด่วน/M-flow ผู้ซื้อเป็นผู้รับผิดชอบค่าใช้จ่ายทุกกรณี
B11: 1005 | C11: Toyota | D11: Hilux Revo | E11: Smart Cab | F11: Prerunner Mid | G11: C | H11: 320000 | I11: 20400 | J11: 398000 | K11: 2022 | L11: ผค-4324 | M11: พิษณุโลก | N11: 2023 | O11: 93370 | P11: RWD | Q11: 2.4 | R11: เทา | S11: MT | T11: ดีเซล | U11: สุวินทวงศ์ | V11: ถูกยึดคืน
C12: หมายเหตุ: ค่าเช็คต้น 100 บาท ภาษีหมดอายุ 01-02-25 ผู้ซื้อต้องดำเนินการต่อภาษีเอง กรณีไม่มีป้ายภาษี ผู้ซื้อต้องรับผิดชอบคัดป้ายใหม่เอง กรณีรถติดอายัดจราจร หรือ มีค่าใช้จ่ายคงค้างจากการใช้ทางด่วน/M-flow ผู้ซื้อเป็นผู้รับผิดชอบค่าใช้จ่ายทุกกรณี
B13: 1006 | C13: Toyota | D13: Hilux Revo | E13: Single Cab | F13: Entry | G13: E | H13: 260000 | I13: 18200 | J13: 290000 | K13: 2023 | L13: 3ฒศ-3491 | M13: กรุงเทพมหานคร | N13: 2023 | O13: 128535 | P13: RWD | Q13: 2.8 | R13: ขาว | S13: MT | T13: ดีเซล | U13: สุวินทวงศ์ | V13: ถูกยึดคืน
C14: หมายเหตุ: รถลุยน้ำมา เลขเครื่องเป็นสนิม ขายตามสภาพ ค่าเช็คต้น 100 บาท ภาษีหมดอายุ 10-07-24 ผู้ซื้อต้องดำเนินการต่อภาษีเอง กรณีไม่มีป้ายภาษี ผู้ซื้อต้องรับผิดชอบคัดป้ายใหม่เอง กรณีรถติดอายัดจราจร หรือ มีค่าใช้จ่ายคงค้างจากการใช้ทางด่วน/M-flow ผู้ซื้อเป็นผู้รับผิดชอบค่าใช้จ่ายทุกกรณี
B15: 1007 | C15: Toyota | D15: Yaris Ativ | F15: Premium Luxury | G15: C | H15: 300000 | I15: 19600 | J15: 372000 | K15: 2022 | L15: ขฉ-3401 | M15: สุราษฎร์ธานี | N15: 2022 | O15: 95500 | P15: FWD | Q15: 1.2 | R15: ขาว | S15: AT | T15: เบนซิน | U15: สุวินทวงศ์ | V15: ถูกยึดคืน
C16: หมายเหตุ: ค่าเช็คต้น 100 บาท ภาษีหมดอายุ 04-10-24 ผู้ซื้อต้องดำเนินการต่อภาษีเอง กรณีไม่มีป้ายภาษี ผู้ซื้อต้องรับผิดชอบคัดป้ายใหม่เอง กรณีรถติดอายัดจราจร หรือ มีค่าใช้จ่ายคงค้างจากการใช้ทางด่วน/M-flow ผู้ซื้อเป็นผู้รับผิดชอบค่าใช้จ่ายทุกกรณี
B17: 1008 | C17: Toyota | D17: Hilux Revo | E17: Smart Cab | F17: Z Edition Entry | G17: C | H17: 240000 | I17: 15600 | J17: 319000 | K17: 2023 | L17: 3ฒร-5903 | M17: กรุงเทพมหานคร | N17: 2023 | O17: 19382 | P17: RWD | Q17: 2.4 | R17: เทา | S17: MT | T17: ดีเซล | U17: สุวินทวงศ์ | V17: ถูกยึดคืน
C18: หมายเหตุ: ค่าเช็คต้น 100 บาท ภาษีหมดอายุ 15-03-25 ผู้ซื้อต้องดำเนินการต่อภาษีเอง กรณีไม่มีป้ายภาษี ผู้ซื้อต้องรับผิดชอบคัดป้ายใหม่เอง กรณีรถติดอายัดจราจร หรือ มีค่าใช้จ่ายคงค้างจากการใช้ทางด่วน/M-flow ผู้ซื้อเป็นผู้รับผิดชอบค่าใช้จ่ายทุกกรณี
B19: 1009 | C19: Honda | D19: Civic | F19: EL | G19: C | H19: 440000 | I19: 22197 | J19: 446000 | K19: 2020 | L19: 1ขน-6602 | M19: กรุงเทพมหานคร | N19: 2020 | O19: 129649 | P19: FWD | Q19: 1.8 | R19: เทา | S19: AT | T19: เบนซิน | U19: สุวินทวงศ์ | V19: Op-เช่า
C20: หมายเหตุ: บังคับโอนกรรมสิทธิ์ผ่านผู้ขาย ค่าโอนกรรมสิทธิ์ 3000 บาท ค่าภาษีเรียกเก็บคืนผู้ขาย 4,197 บาท
B21: 1010 | C21: Toyota | D21: Alphard | F21: HV | G21: C | H21: 1320000 | I21: 16000 | J21: 1340000 | K21: 2017 | L21: 9กฆ-2357 | M21: กรุงเทพมหานคร | N21: 2017 | O21: 188292 | P21: FWD | Q21: 2.5 | R21: ดำ | S21: AT | T21: ไฮบริด | U21: สุวินทวงศ์
C22: หมายเหตุ: ค่าโอนกรรมสิทธิ์ 3000 บาท กรณีติดอายัดจราจรผู้ซื้อเป็นผู้รับผิดชอบทุกกรณี
B23: 1011 | C23: Toyota | D23: Hilux Revo | E23: Double Cab | F23: Z Edition Entry | G23: B | H23: 390000 | I23: 18000 | J23: 360000 | K23: 2023 | L23: 4ขจ-3771 | M23: กรุงเทพมหานคร | N23: 2023 | O23: 75818 | P23: RWD | Q23: 2.4 | R23: เทา | S23: MT | T23: ดีเซล | U23: สุวินทวงศ์ | V23: Op-เช่า
C24: หมายเหตุ: โอนกรรมสิทธิ์ผ่านผู้ขาย ค่าโอน 3000 บาท กรณีไม่มีป้ายภาษี ผู้ซื้อต้องรับผิดชอบคัดป้ายใหม่เอง
B25: 1012 | C25: Toyota | D25: Vios | F25: Mid | G25: A | H25: 300000 | I25: 18000 | J25: 326000 | K25: 2020 | L25: 1ขท-340 | M25: กรุงเทพมหานคร | N25: 2020 | O25: 110445 | P25: FWD | Q25: 1.5 | R25: เทา | S25: AT | T25: เบนซิน | U25: สุวินทวงศ์ | V25: Op-เช่า
C26: หมายเหตุ: โอนกรรมสิทธิ์ผ่านผู้ขาย ค่าโอน 3000 บาท กรณีไม่มีป้ายภาษี ผู้ซื้อต้องรับผิดชอบคัดป้ายใหม่เอง
B27: 1013-1 | C27: Toyota | D27: Hilux Revo | E27: Single Cab | F27: J | G27: E | H27: 140000 | I27: 16000 | J27: 130000 | K27: 2019 | L27: 2ฒว-6286 | M27: กรุงเทพมหานคร | N27: 2019 | O27: 383731 | P27: RWD | Q27: 2.4 | R27: ส้ม | S27: MT | T27: ดีเซล | U27: สุวินทวงศ์
C28: หมายเหตุ: สีไม่ตรงเล่ม เนื่องจากติดสติ๊กเกอร์ ขายตามสภาพ ผู้ซื้อดำเนินการเอง บังคับโอน 2 ต่อ ค่าโอนกรรมสิทธิ์ 3000 บาท กรณีติดอายัดจราจรผู้ซื้อเป็นผู้รับผิดชอบทุกกรณี
B29: 1014 | C29: Toyota | D29: Camry | F29: HEV Premium | G29: E | H29: 635000 | I29: 18000 | J29: 754000 | K29: 2020 | L29: 1ขธ-6321 | M29: กรุงเทพมหานคร | N29: 2020 | O29: 108775 | P29: FWD | Q29: 2.5 | R29: ดำ | S29: AT | T29: ไฮบริด | U29: สุวินทวงศ์ | V29: Op-เช่า
C30: หมายเหตุ: มีค่าปรับ M-flow 660 บาท โอนกรรมสิทธิ์ผ่านผู้ขาย ค่าโอน 3000 บาท กรณีไม่มีป้ายภาษี ผู้ซื้อต้องรับผิดชอบคัดป้ายใหม่เอง
B31: 1015 | C31: Toyota | D31: Corolla Altis | F31: G | G31: C | H31: 309000 | I31: 21594 | J31: 330000 | K31: 2020 | L31: 1ขฎ-7815 | M31: กรุงเทพมหานคร | N31: 2020 | O31: 187867 | P31: FWD | Q31: 1.6 | R31: เทา | S31: AT | T31: เบนซิน | U31: สุวินทวงศ์ | V31: Op-เช่า
C32: หมายเหตุ: บังคับโอนกรรมสิทธิ์ผ่านผู้ขาย ค่าโอนกรรมสิทธิ์ 3000 บาท ค่าภาษีเรียกเก็บคืนผู้ขาย 3,594 บาท
B33: 1016 | C33: Toyota | D33: Corolla Altis | F33: G | G33: C | H33: 236000 | I33: 15000 | J33: 200000 | K33: 2018 | L33: 7กผ-8503 | M33: กรุงเทพมหานคร | N33: 2018 | O33: 98188 | P33: FWD | Q33: 1.6 | R33: เทา | S33: AT | T33: แก๊ส | U33: สุวินทวงศ์
C34: หมายเหตุ: ติดแก๊สมา ลงเล่มแล้ว ผู้ซื้อต้องทำการโอนกรรมสิทธิ์ 2 ต่อ /ผู้ซื้อต้องดำเนินการโอนภายใน 30 วัน เล่มทะเบียนชุดโอนจัดส่งภายใน 30 วัน หลังการประมูล หากเกินกำหนด ขอเอกสารใหม่ มีค่าใช้จ่าย 1,500 บาท กรณีไม่มีป้ายภาษี ผู้ซื้อต้องรับผิดชอบคัดป้ายใหม่เอง
B35: 1017 | C35: Honda | D35: City | F35: S CNG | G35: E | H35: 26000 | I35: 12100 | J35: 94000 | K35: 2013 | L35: 1กว-8133 | M35: กรุงเทพมหานคร | N35: 2013 | O35: 240877 | P35: FWD | Q35: 1.5 | R35: ขาว | S35: AT | T35: แก๊ส | U35: สุวินทวงศ์ | V35: ถูกยึดคืน
C36: หมายเหตุ: ติดแก๊สมา ลงเล่มแล้ว เอกสารหมดอายุหรือสูญหาย ขอเอกสารใหม่มีค่าใช้จ่าย 500 บาท ค่าเช็คต้น 100 บาท กรณีภาษีหมดอายุ /ไม่มีป้ายภาษี ผู้ซื้อเป็นผู้รับผิดชอบต่อภาษีและดำเนินการเอง ผู้ประมูลจะต้องโอนกรรมสิทธิ์ ภายใน 90 วัน นับจากวันที่ประมูล หากเกินระยะเวลาที่กำหนด บริษัทฯ จะไม่รับผิดชอบและไม่รับคืนรถทุกกรณี รถติดอายัดจราจร หรือ มีค่าใช้จ่ายค้างจากการใช้ทางด่วน/M-flow ผู้ซื้อเป็นผู้รับผิดชอบค่าใช้จ่ายเองทั้งหมด
B37: 1018 | C37: Suzuki | D37: Swift | F37: GA | G37: F | H37: 61000 | I37: 16100 | J37: 69000 | K37: 2013 | L37: กง-1824 | M37: สมุทรสงคราม | N37: 2013 | O37: 122433 | P37: FWD | Q37: 1.2 | R37: เทา | S37: AT | T37: เบนซิน | U37: สุวินทวงศ์ | V37: ถูกยึดคืน
C38: หมายเหตุ: ไม่รับผิดชอบการโอนและไม่รับคืนทุกกรณี เนื่องจาก รถได้รับความเสียหายจากน้ำ ขายตามสภาพ ออกใบแทนคู่มือทะเบียนใหม่ กรณีเล่มทะเบียนเดิมสูญหาย มีค่าปรับ M-FLOW 660 บาท เอกสารหมดอายุหรือสูญหาย ขอเอกสารใหม่มีค่าใช้จ่าย 500 บาท ค่าเช็คต้น 100 บาท กรณีภาษีหมดอายุ /ไม่มีป้ายภาษี ผู้ซื้อเป็นผู้รับผิดชอบต่อภาษีและดำเนินการเอง ผู้ประมูลจะต้องโอนกรรมสิทธิ์ ภายใน 90 วัน นับจากวันที่ประมูล หากเกินระยะเวลาที่กำหนด บริษัทฯ จะไม่รับผิดชอบและไม่รับคืนทุกกรณี รถติดอายัดจราจร หรือ มีค่าใช้จ่ายค้างจากการใช้ทางด่วน/M-flow ผู้ซื้อเป็นผู้รับผิดชอบค่าใช้จ่ายเองทั้งหมด
B39: 1019 | C39: Toyota | D39: Hilux Revo | E39: Smart Cab | F39: Prerunner Entry | G39: D | H39: 292000 | I39: 19600 | J39: 386000 | K39: 2022 | L39: ผธ-4922 | M39: ระยอง | N39: 2022 | O39: 100244 | P39: RWD | Q39: 2.4 | R39: เทา | S39: MT | T39: ดีเซล | U39: สุวินทวงศ์ | V39: ถูกยึดคืน
C40: หมายเหตุ: เลขเครื่องเป็นสนิม ขายตามสภาพ ค่าเช็คต้น 100 บาท ภาษีหมดอายุ 01-09-24 ผู้ซื้อต้องดำเนินการต่อภาษีเอง กรณีไม่มีป้ายภาษี ผู้ซื้อต้องรับผิดชอบคัดป้ายใหม่เอง กรณีรถติดอายัดจราจร หรือ มีค่าใช้จ่ายคงค้างจากการใช้ทางด่วน/M-flow ผู้ซื้อเป็นผู้รับผิดชอบค่าใช้จ่ายทุกกรณี
B41: 1020 | C41: Toyota | D41: Yaris Ativ | F41: Smart | G41: C | H41: 280000 | I41: 17400 | J41: 403000 | K41: 2024 | L41: กษ-7251 | M41: ลพบุรี | N41: 2024 | O41: 19900 | P41: FWD | Q41: 1.2 | R41: ขาว | S41: AT | T41: เบนซิน | U41: สุวินทวงศ์ | V41: ถูกยึดคืน
C42: หมายเหตุ: ค่าเช็คต้น 100 บาท ภาษีหมดอายุ 26-03-25 ผู้ซื้อต้องดำเนินการต่อภาษีเอง กรณีไม่มีป้ายภาษี ผู้ซื้อต้องรับผิดชอบคัดป้ายใหม่เอง กรณีรถติดอายัดจราจร หรือ มีค่าใช้จ่ายคงค้างจากการใช้ทางด่วน/M-flow ผู้ซื้อเป็นผู้รับผิดชอบค่าใช้จ่ายทุกกรณี
B43: 1021 | C43: Toyota | D43: Hilux Revo | E43: Smart Cab | F43: Z Edition Entry | G43: D | H43: 222000 | I43: 19600 | J43: 296000 | K43: 2022 | L43: ผข-8945 | M43: สุพรรณบุรี | N43: 2023 | O43: 33050 | P43: RWD | Q43: 2.4 | R43: เทา | S43: MT | T43: ดีเซล | U43: สุวินทวงศ์ | V43: ถูกยึดคืน
C44: หมายเหตุ: ไม่มีเบาะแคป ขายตามสภาพ ค่าเช็คต้น 100 บาท ภาษีหมดอายุ 13-01-25 ผู้ซื้อต้องดำเนินการต่อภาษีเอง กรณีไม่มีป้ายภาษี ผู้ซื้อต้องรับผิดชอบคัดป้ายใหม่เอง กรณีรถติดอายัดจราจร หรือ มีค่าใช้จ่ายคงค้างจากการใช้ทางด่วน/M-flow ผู้ซื้อเป็นผู้รับผิดชอบค่าใช้จ่ายทุกกรณี
B45: 1022 | C45: Toyota | D45: Hilux Revo | E45: Single Cab | F45: J | G45: E | H45: 140000 | I45: 16000 | J45: 102000 | K45: 2019 | L45: 2ฒว-6279 | M45: กรุงเทพมหานคร | N45: 2019 | O45: 377552 | P45: RWD | Q45: 2.4 | R45: ส้ม | S45: MT | T45: ดีเซล | U45: สุวินทวงศ์
C46: หมายเหตุ: สีไม่ตรงเล่ม เนื่องจากติดสติ๊กเกอร์ ไม่มีแผ่นป้ายทะเบียนหลัง ขายตามสภาพ ผู้ซื้อดำเนินการเอง บังคับโอน 2 ต่อ ค่าโอนกรรมสิทธิ์ 3000 บาท กรณีติดอายัดจราจรผู้ซื้อเป็นผู้รับผิดชอบทุกกรณี
B47: 1023 | C47: Toyota | D47: Hilux Revo | E47: Smart Cab | F47: Z Edition Entry | G47: A | H47: 285000 | I47: 19600 | J47: 350000 | K47: 2023 | L47: ยบ-3502 | M47: เชียงใหม่ | N47: 2023 | O47: 9939 | P47: RWD | Q47: 2.4 | R47: เทา | S47: MT | T47: ดีเซล | U47: สุวินทวงศ์ | V47: ถูกยึดคืน
C48: หมายเหตุ: ค่าเช็คต้น 100 บาท ภาษีหมดอายุ 04-12-24 ผู้ซื้อต้องดำเนินการต่อภาษีเอง กรณีไม่มีป้ายภาษี ผู้ซื้อต้องรับผิดชอบคัดป้ายใหม่เอง กรณีรถติดอายัดจราจร หรือ มีค่าใช้จ่ายคงค้างจากการใช้ทางด่วน/M-flow ผู้ซื้อเป็นผู้รับผิดชอบค่าใช้จ่ายทุกกรณี
B49: 1024 | C49: Toyota | D49: Yaris | F49: Sport | G49: A+ | H49: 310000 | I49: 18900 | J49: 406000 | K49: 2023 | L49: งล-5478 | M49: นครราชสีมา | N49: 2024 | O49: 6130 | P49: RWD | Q49: 1.2 | R49: ขาว | S49: AT | T49: เบนซิน | U49: สุวินทวงศ์ | V49: ถูกยึดคืน
C50: หมายเหตุ: ค่าเช็คต้น 100 บาท ภาษีหมดอายุ 15-01-25 ผู้ซื้อต้องดำเนินการต่อภาษีเอง กรณีไม่มีป้ายภาษี ผู้ซื้อต้องรับผิดชอบคัดป้ายใหม่เอง กรณีรถติดอายัดจราจร หรือ มีค่าใช้จ่ายคงค้างจากการใช้ทางด่วน/M-flow ผู้ซื้อเป็นผู้รับผิดชอบค่าใช้จ่ายทุกกรณี
B51: 1025 | C51: Toyota | D51: Hilux Revo | E51: Smart Cab | F51: Z Edition Entry | G51: D | H51: 200000 | I51: 20100 | J51: 274000 | K51: 2021 | L51: บธ-6346 | M51: หนองบัวลำภู | N51: 2021 | O51: 63134 | P51: RWD | Q51: 2.4 | R51: ขาว | S51: MT | T51: ดีเซล | U51: สุวินทวงศ์ | V51: ถูกยึดคืน
C52: หมายเหตุ: รถติดสติ๊กเกอร์มา ขายตามสภาพ ผู้ซื้อดำเนินการเอง ค่าเช็คต้น 100 บาท ภาษีหมดอายุ 15-06-25 ผู้ซื้อต้องดำเนินการต่อภาษีเอง กรณีไม่มีป้ายภาษี ผู้ซื้อต้องรับผิดชอบคัดป้ายใหม่เอง กรณีรถติดอายัดจราจร หรือ มีค่าใช้จ่ายคงค้างจากการใช้ทางด่วน/M-flow ผู้ซื้อเป็นผู้รับผิดชอบค่าใช้จ่ายทุกกรณี
B53: 1026 | C53: Toyota | D53: Hilux Revo | E53: Smart Cab | F53: Z Edition Entry | G53: E | H53: 284000 | I53: 21500 | J53: 260000 | K53: 2022 | L53: 3ฒภ-8440 | M53: กรุงเทพมหานคร | N53: 2022 | O53: 16398 | P53: RWD | Q53: 2.4 | R53: ขาว | S53: MT | T53: ดีเซล | U53: สุวินทวงศ์ | V53: Op-เช่า
C54: หมายเหตุ: ผู้ซื้อต้องดำเนินการโอนภายใน 45 วัน หากเกินกำหนด ขอเอกสารใหม่ มีค่าใช้จ่าย 2,000 บาท ผู้ขายยกเลิกประกันภัยภาคสมัครใจ และ พรบ. แล้ว กรณีรถติดอายัดในเรื่องของจราจร ผู้ซื้อเป็นผู้รับผิดชอบค่าใช้จ่ายทุกกรณี ค่าดำเนินการอื่น 6,500 บาท (ไม่รวม Vat) ไม่มีแผ่นป้ายภาษี ผู้ซื้อดำเนินการคัดป้ายใหม่เอง ภาษีหมดอายุ ผู้ซื้อต้องดำเนินการต่อภาษีเอง
B55: 1027 | C55: Toyota | D55: Hilux Revo | E55: Single Cab | F55: J | G55: E | H55: 140000 | I55: 16000 | J55: 120000 | K55: 2019 | L55: 2ฒว-6281 | M55: กรุงเทพมหานคร | N55: 2019 | O55: 384673 | P55: RWD | Q55: 2.4 | R55: ส้ม | S55: MT | T55: ดีเซล | U55: สุวินทวงศ์
C56: หมายเหตุ: รถลุยน้ำมา สีไม่ตรงเล่ม เนื่องจากติดสติ๊กเกอร์ ขายตามสภาพ ผู้ซื้อดำเนินการเอง บังคับโอน 2 ต่อ ค่าโอนกรรมสิทธิ์ 3000 บาท กรณีติดอายัดจราจรผู้ซื้อเป็นผู้รับผิดชอบทุกกรณี
B57: 1028 | C57: Honda | D57: CR-V | F57: E | G57: C | H57: 510000 | I57: 17000 | J57: 500000 | K57: 2018 | L57: 6กผ-8241 | M57: กรุงเทพมหานคร | N57: 2018 | O57: 178471 | P57: FWD | Q57: 2.4 | R57: เทา | S57: AT | T57: เบนซิน | U57: สุวินทวงศ์ | V57: Op-เช่า
C58: หมายเหตุ: มีค่าปรับ M-flow 330 บาท โอน 2 ต่อ บังคับโอนผ่านผู้ขาย ค่าโอนกรรมสิทธิ์ 3000 บาท เล่มทะเบียนจัดส่งภายใน 30 วัน หลังการประมูล
B59: 1029 | C59: Toyota | D59: Hilux Revo | E59: Smart Cab | F59: Z Edition Entry | G59: B | H59: 280000 | I59: 19900 | J59: 280000 | K59: 2022 | L59: 3ฒธ-6525 | M59: กรุงเทพมหานคร | N59: 2022 | O59: 48628 | P59: RWD | Q59: 2.4 | R59: ขาว | S59: MT | T59: ดีเซล | U59: สุวินทวงศ์ | V59: Op-เช่า
C60: หมายเหตุ: เลขเครื่องเป็นสนิม ขายตามสภาพ ผู้ซื้อต้องดำเนินการโอนภายใน 45 วัน หากเกินกำหนด ขอเอกสารใหม่ มีค่าใช้จ่าย 2,000 บาท ผู้ขายยกเลิกประกันภัยภาคสมัครใจ และ พรบ. แล้ว กรณีรถติดอายัดในเรื่องของจราจร ผู้ซื้อเป็นผู้รับผิดชอบค่าใช้จ่ายทุกกรณี ค่าดำเนินการอื่น 5,000 บาท (ไม่รวม Vat) ไม่มีแผ่นป้ายภาษี ผู้ซื้อดำเนินการคัดป้ายใหม่เอง
B61: 1030 | C61: Toyota | D61: Corolla Altis | F61: G | G61: C | H61: 346000 | I61: 22197 | J61: 386000 | K61: 2020 | L61: 1ขจ-9075 | M61: กรุงเทพมหานคร | N61: 2020 | O61: 61088 | P61: FWD | Q61: 1.6 | R61: เทา | S61: AT | T61: เบนซิน | U61: สุวินทวงศ์ | V61: Op-เช่า
C62: หมายเหตุ: บังคับโอนกรรมสิทธิ์ผ่านผู้ขาย ค่าโอนกรรมสิทธิ์ 3000 บาท ค่าภาษีเรียกเก็บคืนผู้ขาย 4,197 บาท
B63: 1031 | C63: Toyota | D63: Camry | F63: HEV Premium | G63: E | H63: 605000 | I63: 18000 | J63: 666000 | K63: 2019 | L63: 9กฉ-5083 | M63: กรุงเทพมหานคร | N63: 2019 | O63: 102522 | P63: FWD | Q63: 2.5 | R63: ดำ | S63: AT | T63: ไฮบริด | U63: สุวินทวงศ์ | V63: Op-เช่า
C64: หมายเหตุ: โอนกรรมสิทธิ์ผ่านผู้ขาย ค่าโอน 3000 บาท กรณีไม่มีป้ายภาษี ผู้ซื้อต้องรับผิดชอบคัดป้ายใหม่เอง
B65: 1032 | C65: Nissan | D65: Almera | F65: E | G65: E | H65: 26000 | I65: 16100 | J65: 69000 | K65: 2013 | L65: งท-6537 | M65: เชียงใหม่ | N65: 2013 | O65: 160280 | P65: RWD | Q65: 1.2 | R65: ขาว | S65: AT | T65: เบนซิน | U65: สุวินทวงศ์ | V65: ถูกยึดคืน
C66: หมายเหตุ: เอกสารหมดอายุหรือสูญหาย ขอเอกสารใหม่มีค่าใช้จ่าย 500 บาท ค่าเช็คต้น 100 บาท กรณีภาษีหมดอายุ /ไม่มีป้ายภาษี ผู้ซื้อเป็นผู้รับผิดชอบต่อภาษีและดำเนินการเอง ผู้ประมูลจะต้องโอนกรรมสิทธิ์ ภายใน 90 วัน นับจากวันที่ประมูล หากเกินระยะเวลาที่กำหนด บริษัทฯ จะไม่รับผิดชอบและไม่รับคืนรถทุกกรณี รถติดอายัดจราจร หรือ มีค่าใช้จ่ายค้างจากการใช้ทางด่วน/M-flow ผู้ซื้อเป็นผู้รับผิดชอบค่าใช้จ่ายเองทั้งหมด
B67: 1033 | C67: Nissan | D67: Frontier Navara | E67: Double Cab | F67: LE | G67: E | H67: 80000 | I67: 16100 | J67: 80000 | L67: 3ขญ-4827 | M67: กรุงเทพมหานคร | N67: 2009 | O67: 193443 | P67: RWD | Q67: 2.5 | R67: น้ำตาล | S67: MT | T67: ดีเซล | U67: สุวินทวงศ์ | V67: ถูกยึดคืน
C68: หมายเหตุ: ออกใบแทนคู่มือทะเบียนใหม่ กรณีเล่มทะเบียนเดิมชำรุด เอกสารหมดอายุหรือสูญหาย ขอเอกสารใหม่มีค่าใช้จ่าย 500 บาท ค่าเช็คต้น 100 บาท กรณีภาษีหมดอายุ /ไม่มีป้ายภาษี ผู้ซื้อเป็นผู้รับผิดชอบต่อภาษีและดำเนินการเอง ผู้ประมูลจะต้องโอนกรรมสิทธิ์ ภายใน 90 วัน นับจากวันที่ประมูล หากเกินระยะเวลาที่กำหนด บริษัทฯ จะไม่รับผิดชอบและไม่รับคืนรถทุกกรณี รถติดอายัดจราจร หรือ มีค่าใช้จ่ายค้างจากการใช้ทางด่วน/M-flow ผู้ซื้อเป็นผู้รับผิดชอบค่าใช้จ่ายเองทั้งหมด
B69: 1034 | C69: Mercedes-Benz | D69: S300 | G69: C | H69: 246000 | I69: 16100 | J69: 296000 | K69: 2010 | L69: 9กจ-9805 | M69: กรุงเทพมหานคร | N69: 2011 | O69: 197665 | P69: RWD | Q69: 3 | R69: ดำ | S69: AT | T69: เบนซิน | U69: สุวินทวงศ์ | V69: ถูกยึดคืน
C70: หมายเหตุ: รถติดอายัดจราจร มีใบสั่งปรับ 500 บาท เอกสารหมดอายุหรือสูญหาย ขอเอกสารใหม่มีค่าใช้จ่าย 500 บาท ค่าเช็คต้น 100 บาท กรณีภาษีหมดอายุ /ไม่มีป้ายภาษี ผู้ซื้อเป็นผู้รับผิดชอบต่อภาษีและดำเนินการเอง ผู้ประมูลจะต้องโอนกรรมสิทธิ์ ภายใน 90 วัน นับจากวันที่ประมูล หากเกินระยะเวลาที่กำหนด บริษัทฯ จะไม่รับผิดชอบและไม่รับคืนรถทุกกรณี รถติดอายัดจราจร หรือ มีค่าใช้จ่ายค้างจากการใช้ทางด่วน/M-flow ผู้ซื้อเป็นผู้รับผิดชอบค่าใช้จ่ายเองทั้งหมด
B71: 1035 | C71: Mercedes-Benz | D71: E250 | F71: AMG Plus | G71: D | H71: 400000 | I71: 20100 | J71: 436000 | K71: 2010 | L71: ฆก-8828 | M71: กรุงเทพมหานคร | N71: 2012 | O71: 222415 | P71: RWD | Q71: 1.8 | R71: ดำ | S71: AT | T71: เบนซิน | U71: สุวินทวงศ์ | V71: ถูกยึดคืน
C72: หมายเหตุ: ทะเบียนเคยระงับใช้ ค่าเช็คต้น 100 บาท ภาษีหมดอายุ 25-08-25 ผู้ซื้อต้องดำเนินการต่อภาษีเอง กรณีไม่มีป้ายภาษี ผู้ซื้อต้องรับผิดชอบคัดป้ายใหม่เอง กรณีรถติดอายัดจราจร หรือ มีค่าใช้จ่ายคงค้างจากการใช้ทางด่วน/M-flow ผู้ซื้อเป็นผู้รับผิดชอบค่าใช้จ่ายทุกกรณี
B73: 1036 | C73: Toyota | D73: C-HR | F73: Mid | G73: D | H73: 310000 | I73: 19600 | J73: 378000 | K73: 2018 | L73: 8กค-9923 | M73: กรุงเทพมหานคร | N73: 2018 | O73: 142603 | P73: FWD | Q73: 1.8 | R73: ขาว ดำ | S73: AT | T73: เบนซิน | U73: สุวินทวงศ์ | V73: ถูกยึดคืน
C74: หมายเหตุ: รถลุยน้ำมา ขายตามสภาพ ค่าเช็คต้น 100 บาท ภาษีหมดอายุ 17-12-24 ผู้ซื้อต้องดำเนินการต่อภาษีเอง กรณีไม่มีป้ายภาษี ผู้ซื้อต้องรับผิดชอบคัดป้ายใหม่เอง กรณีรถติดอายัดจราจร หรือ มีค่าใช้จ่ายคงค้างจากการใช้ทางด่วน/M-flow ผู้ซื้อเป็นผู้รับผิดชอบค่าใช้จ่ายทุกกรณี
B75: 1037 | C75: Toyota | D75: Hilux Revo | E75: Smart Cab | F75: Z Edition Entry | G75: C | H75: 250000 | I75: 18400 | J75: 284000 | K75: 2023 | L75: 3ฒษ-6398 | M75: กรุงเทพมหานคร | N75: 2023 | O75: 16940 | P75: RWD | Q75: 2.4 | R75: เทา | S75: MT | T75: ดีเซล | U75: สุวินทวงศ์ | V75: ถูกยึดคืน
C76: หมายเหตุ: ค่าเช็คต้น 100 บาท ภาษีหมดอายุ 06-09-24 ผู้ซื้อต้องดำเนินการต่อภาษีเอง กรณีไม่มีป้ายภาษี ผู้ซื้อต้องรับผิดชอบคัดป้ายใหม่เอง กรณีรถติดอายัดจราจร หรือ มีค่าใช้จ่ายคงค้างจากการใช้ทางด่วน/M-flow ผู้ซื้อเป็นผู้รับผิดชอบค่าใช้จ่ายทุกกรณี
B77: 1038 | C77: Toyota | D77: Yaris Ativ | F77: Sport Premium | G77: D | H77: 220000 | I77: 19600 | J77: 286000 | K77: 2021 | L77: ขข-9801 | M77: อุบลราชธานี | N77: 2021 | O77: 42631 | P77: FWD | Q77: 1.2 | R77: ขาว | S77: AT | T77: เบนซิน | U77: สุวินทวงศ์ | V77: ถูกยึดคืน
C78: หมายเหตุ: ค่าเช็คต้น 100 บาท ภาษีหมดอายุ 04-11-24 ผู้ซื้อต้องดำเนินการต่อภาษีเอง กรณีไม่มีป้ายภาษี ผู้ซื้อต้องรับผิดชอบคัดป้ายใหม่เอง กรณีรถติดอายัดจราจร หรือ มีค่าใช้จ่ายคงค้างจากการใช้ทางด่วน/M-flow ผู้ซื้อเป็นผู้รับผิดชอบค่าใช้จ่ายทุกกรณี
B79: 1039 | C79: Toyota | D79: Hilux Revo | E79: Single Cab | F79: J | G79: E | H79: 140000 | I79: 16000 | J79: 130000 | K79: 2019 | L79: 2ฒว-6293 | M79: กรุงเทพมหานคร | N79: 2019 | O79: 401402 | P79: RWD | Q79: 2.4 | R79: ส้ม | S79: MT | T79: ดีเซล | U79: สุวินทวงศ์
C80: หมายเหตุ: สีไม่ตรงเล่ม เนื่องจากติดสติ๊กเกอร์ ขายตามสภาพ ผู้ซื้อดำเนินการเอง บังคับโอน 2 ต่อ ค่าโอนกรรมสิทธิ์ 3000 บาท กรณีติดอายัดจราจรผู้ซื้อเป็นผู้รับผิดชอบทุกกรณี
B81: 1040 | C81: Toyota | D81: Hilux Revo | E81: Double Cab | F81: Mid | G81: D | H81: 360000 | I81: 15600 | J81: 496000 | K81: 2020 | L81: 1ขช-8783 | M81: กรุงเทพมหานคร | N81: 2020 | O81: 31774 | P81: RWD | Q81: 2.4 | R81: ดำ | S81: MT | T81: ดีเซล | U81: สุวินทวงศ์ | V81: ถูกยึดคืน
C82: หมายเหตุ: ค่าเช็คต้น 100 บาท ภาษีหมดอายุ 21-08-24 ผู้ซื้อต้องดำเนินการต่อภาษีเอง กรณีไม่มีป้ายภาษี ผู้ซื้อต้องรับผิดชอบคัดป้ายใหม่เอง กรณีรถติดอายัดจราจร หรือ มีค่าใช้จ่ายคงค้างจากการใช้ทางด่วน/M-flow ผู้ซื้อเป็นผู้รับผิดชอบค่าใช้จ่ายทุกกรณี
B83: 1041 | C83: Toyota | D83: Hilux Revo | E83: Smart Cab | F83: Z Edition Entry | G83: A | H83: 330000 | I83: 19600 | J83: 394000 | K83: 2024 | L83: ยง-2592 | M83: ขอนแก่น | N83: 2024 | O83: 4054 | P83: FWD | Q83: 2.4 | R83: ขาว | S83: MT | T83: ดีเซล | U83: สุวินทวงศ์ | V83: ถูกยึดคืน
C84: หมายเหตุ: ค่าเช็คต้น 100 บาท ภาษีหมดอายุ 12-07-25 ผู้ซื้อต้องดำเนินการต่อภาษีเอง กรณีไม่มีป้ายภาษี ผู้ซื้อต้องรับผิดชอบคัดป้ายใหม่เอง กรณีรถติดอายัดจราจร หรือ มีค่าใช้จ่ายคงค้างจากการใช้ทางด่วน/M-flow ผู้ซื้อเป็นผู้รับผิดชอบค่าใช้จ่ายทุกกรณี
B85: 1042 | C85: Toyota | D85: Yaris | F85: J | G85: E | H85: 140000 | I85: 19600 | J85: 172000 | K85: 2018 | L85: 4กพ-339 | M85: กรุงเทพมหานคร | N85: 2018 | O85: 239351 | P85: FWD | Q85: 1.2 | R85: แดง | S85: AT | T85: เบนซิน | U85: สุวินทวงศ์ | V85: ถูกยึดคืน
C86: หมายเหตุ: ค่าเช็คต้น 100 บาท ภาษีหมดอายุ 07-11-24 ผู้ซื้อต้องดำเนินการต่อภาษีเอง กรณีไม่มีป้ายภาษี ผู้ซื้อต้องรับผิดชอบคัดป้ายใหม่เอง กรณีรถติดอายัดจราจร หรือ มีค่าใช้จ่ายคงค้างจากการใช้ทางด่วน/M-flow ผู้ซื้อเป็นผู้รับผิดชอบค่าใช้จ่ายทุกกรณี
B87: 1043 | C87: Toyota | D87: Vios | F87: Entry | G87: D | H87: 260000 | I87: 18000 | J87: 290000 | K87: 2021 | L87: 1ขฬ-8600 | M87: กรุงเทพมหานคร | N87: 2021 | O87: 74775 | P87: FWD | Q87: 1.5 | R87: เทา | S87: AT | T87: เบนซิน | U87: สุวินทวงศ์ | V87: Op-เช่า
C88: หมายเหตุ: โอนกรรมสิทธิ์ผ่านผู้ขาย ค่าโอน 3000 บาท กรณีไม่มีป้ายภาษี ผู้ซื้อต้องรับผิดชอบคัดป้ายใหม่เอง
B89: 1044 | C89: BMW | D89: 530e | F89: M Sport | G89: A | H89: 0 | I89: 16900 | J89: 1190000 | K89: 2020 | L89: 9กฬ-652 | M89: กรุงเทพมหานคร | N89: 2020 | O89: 58411 | P89: RWD | Q89: 2 | R89: ดำ | S89: AT | T89: ไฮบริด | U89: สุวินทวงศ์
C90: หมายเหตุ: หากเอกสารหมดอายุหรือสูญหาย ขอเอกสารใหม่มีค่าใช้จ่าย 2,000 บาท
B91: 1045 | C91: Toyota | D91: Vios | F91: E | G91: B | H91: 250000 | I91: 18000 | J91: 240000 | K91: 2018 | L91: 7กท-6834 | M91: กรุงเทพมหานคร | N91: 2018 | O91: 117552 | P91: RWD | Q91: 1.5 | R91: เทา | S91: AT | T91: เบนซิน | U91: สุวินทวงศ์ | V91: Op-เช่า
C92: หมายเหตุ: มีค่าปรับ M-flow 330 บาท โอนกรรมสิทธิ์ผ่านผู้ขาย ค่าโอน 3000 บาท กรณีไม่มีป้ายภาษี ผู้ซื้อต้องรับผิดชอบคัดป้ายใหม่เอง
B93: 1046 | C93: Toyota | D93: Hilux Revo | E93: Smart Cab | F93: E | G93: E | H93: 180000 | I93: 17000 | J93: 260000 | K93: 2019 | L93: 2ฒผ-2543 | M93: กรุงเทพมหานคร | N93: 2019 | O93: 272399 | P93: RWD | Q93: 2.4 | R93: ขาว | S93: MT | T93: ดีเซล | U93: สุวินทวงศ์ | V93: Op-เช่า
C94: หมายเหตุ: เปลี่ยนสีมาลงเล่มแล้ว โอน 2 ต่อ บังคับโอนผ่านผู้ขาย ค่าโอนกรรมสิทธิ์ 3000 บาท เล่มทะเบียนจัดส่งภายใน 30 วัน หลังการประมูล
B95: 1047 | C95: Toyota | D95: Hilux Revo | E95: Single Cab | F95: J | G95: E | H95: 140000 | I95: 16000 | J95: 124000 | K95: 2019 | L95: 2ฒว-6270 | M95: กรุงเทพมหานคร | N95: 2019 | O95: 428218 | P95: RWD | Q95: 2.4 | R95: ส้ม | S95: MT | T95: ดีเซล | U95: สุวินทวงศ์
C96: หมายเหตุ: สีไม่ตรงเล่ม เนื่องจากติดสติ๊กเกอร์ ขายตามสภาพ ผู้ซื้อดำเนินการเอง บังคับโอน 2 ต่อ ค่าโอนกรรมสิทธิ์ 3000 บาท กรณีติดอายัดจราจรผู้ซื้อเป็นผู้รับผิดชอบทุกกรณี
B97: 1048 | C97: Ford | D97: Focus | F97: Ambiente | G97: F | H97: 14000 | I97: 12100 | J97: 34000 | K97: 2012 | L97: 2กด-2349 | M97: กรุงเทพมหานคร | N97: 2013 | O97: 111387 | P97: FWD | Q97: 1.6 | R97: ดำ | S97: AT | T97: เบนซิน | U97: สุวินทวงศ์ | V97: ถูกยึดคืน
C98: หมายเหตุ: ไม่รับผิดชอบการโอนและไม่รับคืนทุกกรณี เนื่องจาก รถได้รับความเสียหายจากน้ำ Airbag แตก ขายตามสภาพ เอกสารหมดอายุหรือสูญหาย ขอเอกสารใหม่มีค่าใช้จ่าย 500 บาท ค่าเช็คต้น 100 บาท กรณีภาษีหมดอายุ /ไม่มีป้ายภาษี ผู้ซื้อเป็นผู้รับผิดชอบต่อภาษีและดำเนินการเอง ผู้ประมูลจะต้องโอนกรรมสิทธิ์ ภายใน 90 วัน นับจากวันที่ประมูล หากเกินระยะเวลาที่กำหนด บริษัทฯ จะไม่รับผิดชอบและไม่รับคืนทุกกรณี รถติดอายัดจราจร หรือ มีค่าใช้จ่ายค้างจากการใช้ทางด่วน/M-flow ผู้ซื้อเป็นผู้รับผิดชอบค่าใช้จ่ายเองทั้งหมด
B99: 1049 | C99: Ford | D99: Ranger | E99: Smart Cab | F99: Hi-Rider XLT | G99: D | H99: 143000 | I99: 16100 | J99: 143000 | K99: 2014 | L99: บบ-6849 | M99: เพชรบุรี | N99: 2015 | O99: 151137 | P99: RWD | Q99: 2.2 | R99: เทา | S99: AT | T99: ดีเซล | U99: สุวินทวงศ์ | V99: ถูกยึดคืน
C100: หมายเหตุ: เอกสารหมดอายุหรือสูญหาย ขอเอกสารใหม่มีค่าใช้จ่าย 500 บาท ค่าเช็คต้น 100 บาท กรณีภาษีหมดอายุ /ไม่มีป้ายภาษี ผู้ซื้อเป็นผู้รับผิดชอบต่อภาษีและดำเนินการเอง ผู้ประมูลจะต้องโอนกรรมสิทธิ์ ภายใน 90 วัน นับจากวันที่ประมูล หากเกินระยะเวลาที่กำหนด บริษัทฯ จะไม่รับผิดชอบและไม่รับคืนรถทุกกรณี รถติดอายัดจราจร หรือ มีค่าใช้จ่ายค้างจากการใช้ทางด่วน/M-flow ผู้ซื้อเป็นผู้รับผิดชอบค่าใช้จ่ายเองทั้งหมด
...

Sheet 27012025
C1: 45684 | D1: 72 | E1: =COUNTA(B:B)-1 -> 72
A2: รูปภาพ | B2: ลำดับที่ | C2: ยี่ห้อ | D2: รุ่น | E2: ประเภทรถกระบะ | F2: รุ่นย่อย | G2: เกรด | H2: ราคาเริ่มต้น (ไม่รวมvat) | I2: ค่าธรรมเนียม (ไม่รวมvat) | J2: ราคาสูงสุด | K2: ปีที่ผลิต | L2: ป้ายทะเบียนรถ | M2: จังหวัด | N2: ปีที่จดทะเบียน | O2: เลขไมล์ (กม.) | P2: ระบบขับเคลื่อน | Q2: ความจุ (CC) | R2: สี | S2: ระบบเกียร์ | T2: เชื้อเพลิง | U2: สถานที่จอดรถ | V2: ประเภทรถประมูล
B3: 1001 | C3: Toyota | D3: Hilux Revo | E3: Double Cab | F3: Prerunner Rocco | G3: A+ | H3: 620000 | I3: 19600 | J3: 750000 | K3: 2022 | L3: 2ขย-1945 | M3: กรุงเทพมหานคร | N3: 2022 | O3: 20827 | P3: RWD | Q3: 2.4 | R3: ขาว | S3: AT | T3: ดีเซล | U3: สุวินทวงศ์ | V3: ถูกยึดคืน
C4: หมายเหตุ: มีค่าปรับ M-FLOW 330 บาท ค่าเช็คต้น 100 บาท ภาษีหมดอายุ 01-08-24 ผู้ซื้อต้องดำเนินการต่อภาษีเอง กรณีไม่มีป้ายภาษี ผู้ซื้อต้องรับผิดชอบคัดป้ายใหม่เอง กรณีรถติดอายัดจราจร หรือ มีค่าใช้จ่ายคงค้างจากการใช้ทางด่วน/M-flow ผู้ซื้อเป็นผู้รับผิดชอบค่าใช้จ่ายทุกกรณี
B5: 1002 | C5: Toyota | D5: Yaris | F5: Sport | G5: A | H5: 270000 | I5: 19600 | J5: 342000 | K5: 2022 | L5: จค-9377 | M5: เชียงใหม่ | N5: 2022 | O5: 16499 | P5: FWD | Q5: 1.2 | R5: ดำ | S5: AT | T5: เบนซิน | U5: สุวินทวงศ์ | V5: ถูกยึดคืน
C6: หมายเหตุ: ค่าเช็คต้น 100 บาท ภาษีหมดอายุ 24-05-24 ผู้ซื้อต้องดำเนินการต่อภาษีเอง กรณีไม่มีป้ายภาษี ผู้ซื้อต้องรับผิดชอบคัดป้ายใหม่เอง กรณีรถติดอายัดจราจร หรือ มีค่าใช้จ่ายคงค้างจากการใช้ทางด่วน/M-flow ผู้ซื้อเป็นผู้รับผิดชอบค่าใช้จ่ายทุกกรณี
B7: 1003 | C7: Toyota | D7: Hilux Revo | E7: Smart Cab | F7: Z Edition Entry | G7: C | H7: 200000 | I7: 19600 | J7: 284000 | K7: 2020 | L7: 3ฒข-1650 | M7: กรุงเทพมหานคร | N7: 2020 | O7: 26613 | P7: RWD | Q7: 2.4 | R7: เทา | S7: MT | T7: ดีเซล | U7: สุวินทวงศ์ | V7: ถูกยึดคืน
C8: หมายเหตุ: ค่าเช็คต้น 100 บาท ภาษีหมดอายุ 24-08-25 ผู้ซื้อต้องดำเนินการต่อภาษีเอง กรณีไม่มีป้ายภาษี ผู้ซื้อต้องรับผิดชอบคัดป้ายใหม่เอง กรณีรถติดอายัดจราจร หรือ มีค่าใช้จ่ายคงค้างจากการใช้ทางด่วน/M-flow ผู้ซื้อเป็นผู้รับผิดชอบค่าใช้จ่ายทุกกรณี
B9: 1004 | C9: Toyota | D9: Hilux Revo | E9: Smart Cab | F9: Z Edition J Plus | G9: B | H9: 200000 | I9: 19600 | J9: 286000 | K9: 2020 | L9: บษ-2759 | M9: สระบุรี | N9: 2020 | O9: 41752 | P9: RWD | Q9: 2.4 | R9: ขาว | S9: MT | T9: ดีเซล | U9: สุวินทวงศ์ | V9: ถูกยึดคืน
C10: หมายเหตุ: ค่าเช็คต้น 100 บาท ภาษีหมดอายุ 08-07-23 ผู้ซื้อต้องดำเนินการต่อภาษีเอง กรณีไม่มีป้ายภาษี ผู้ซื้อต้องรับผิดชอบคัดป้ายใหม่เอง กรณีรถติดอายัดจราจร หรือ มีค่าใช้จ่ายคงค้างจากการใช้ทางด่วน/M-flow ผู้ซื้อเป็นผู้รับผิดชอบค่าใช้จ่ายทุกกรณี
B11: 1005 | C11: Toyota | D11: Corolla Cross | F11: Hybrid Premium Safety | G11: D | H11: 530000 | I11: 18400 | J11: 632000 | K11: 2020 | L11: จก-4136 | M11: ชลบุรี | N11: 2020 | O11: 66468 | P11: FWD | Q11: 1.8 | R11: เทา | S11: AT | T11: ไฮบริด | U11: สุวินทวงศ์ | V11: ถูกยึดคืน
C12: หมายเหตุ: ค่าเช็คต้น 100 บาท ภาษีหมดอายุ 25-11-25 ผู้ซื้อต้องดำเนินการต่อภาษีเอง กรณีไม่มีป้ายภาษี ผู้ซื้อต้องรับผิดชอบคัดป้ายใหม่เอง กรณีรถติดอายัดจราจร หรือ มีค่าใช้จ่ายคงค้างจากการใช้ทางด่วน/M-flow ผู้ซื้อเป็นผู้รับผิดชอบค่าใช้จ่ายทุกกรณี
B13: 1006-1 | C13: Toyota | D13: Fortuner | F13: Legender | G13: E | H13: 830000 | I13: 20900 | J13: 780000 | K13: 2022 | L13: 2ขบ-1469 | M13: กรุงเทพมหานคร | N13: 2022 | O13: 86936 | P13: RWD | Q13: 2.4 | R13: ขาว ดำ | S13: AT | T13: ดีเซล | U13: สุวินทวงศ์ | V13: ถูกยึดคืน
C14: หมายเหตุ: ค่าเช็คต้น 100 บาท ภาษีหมดอายุ 26-07-25 ผู้ซื้อต้องดำเนินการต่อภาษีเอง กรณีไม่มีป้ายภาษี ผู้ซื้อต้องรับผิดชอบคัดป้ายใหม่เอง กรณีรถติดอายัดจราจร หรือ มีค่าใช้จ่ายคงค้างจากการใช้ทางด่วน/M-flow ผู้ซื้อเป็นผู้รับผิดชอบค่าใช้จ่ายทุกกรณี
B15: 1007 | C15: Toyota | D15: Hilux Revo | E15: Smart Cab | F15: Z Edition Entry | G15: A | H15: 270000 | I15: 15600 | J15: 332000 | K15: 2023 | L15: ผค-4491 | M15: สุพรรณบุรี | N15: 2024 | O15: 25027 | P15: RWD | Q15: 2.4 | R15: เทา | S15: MT | T15: ดีเซล | U15: สุวินทวงศ์ | V15: ถูกยึดคืน
C16: หมายเหตุ: ค่าเช็คต้น 100 บาท ภาษีหมดอายุ 27-02-25 ผู้ซื้อต้องดำเนินการต่อภาษีเอง กรณีไม่มีป้ายภาษี ผู้ซื้อต้องรับผิดชอบคัดป้ายใหม่เอง กรณีรถติดอายัดจราจร หรือ มีค่าใช้จ่ายคงค้างจากการใช้ทางด่วน/M-flow ผู้ซื้อเป็นผู้รับผิดชอบค่าใช้จ่ายทุกกรณี
B17: 1008 | C17: Toyota | D17: Yaris Ativ | F17: Sport Premium | G17: C | H17: 240000 | I17: 18900 | J17: 274000 | K17: 2020 | L17: งฉ-7391 | M17: นครราชสีมา | N17: 2020 | O17: 106594 | P17: FWD | Q17: 1.2 | R17: ขาว | S17: AT | T17: เบนซิน | U17: สุวินทวงศ์ | V17: ถูกยึดคืน
C18: หมายเหตุ: รถได้รับความเสียหายจากน้ำ ขายตามสภาพ ค่าเช็คต้น 100 บาท ภาษีหมดอายุ 16-01-25 ผู้ซื้อต้องดำเนินการต่อภาษีเอง กรณีไม่มีป้ายภาษี ผู้ซื้อต้องรับผิดชอบคัดป้ายใหม่เอง กรณีรถติดอายัดจราจร หรือ มีค่าใช้จ่ายคงค้างจากการใช้ทางด่วน/M-flow ผู้ซื้อเป็นผู้รับผิดชอบค่าใช้จ่ายทุกกรณี
B19: 1009 | C19: Honda | D19: Civic | F19: E i-VTEC | G19: A+ | H19: 442000 | I19: 15000 | J19: 430000 | K19: 2020 | L19: 9กฬ-4007 | M19: กรุงเทพมหานคร | N19: 2020 | O19: 93450 | P19: FWD | Q19: 1.8 | R19: เทา | S19: AT | T19: เบนซิน | U19: สุวินทวงศ์ | V19: Op-เช่า
C20: หมายเหตุ: หากเอกสารหมดอายุ ขอเอกสารใหม่มีค่าใช้จ่าย 2000 บาท
B21: 1010 | C21: Toyota | D21: Hilux Revo | E21: Single Cab | F21: J | G21: D | H21: 155000 | I21: 16000 | J21: 144000 | K21: 2019 | L21: 2ฒว-6283 | M21: กรุงเทพมหานคร | N21: 2019 | O21: 184639 | P21: RWD | Q21: 2.4 | R21: ส้ม | S21: MT | T21: ดีเซล | U21: สุวินทวงศ์
C22: หมายเหตุ: สีไม่ตรงเล่มเนื่องจากติดสติ๊กเกอร์ ขายตามสภาพ ผู้ซื้อดำเนินการเอง บังคับโอน 2 ต่อ ค่าโอนกรรมสิทธิ์ 3000 บาท กรณีติดอายัดจราจรผู้ซื้อเป็นผู้รับผิดชอบทุกกรณี
B23: 1011 | C23: Isuzu | D23: D-Max | E23: Smart Cab | F23: S | G23: E | H23: 180000 | I23: 10000 | J23: 200000 | K23: 2018 | L23: 4ฒข-7442 | M23: กรุงเทพมหานคร | N23: 2018 | O23: 71175 | P23: RWD | Q23: 1.9 | R23: ขาว | S23: MT | T23: ดีเซล | U23: สุวินทวงศ์
C24: หมายเหตุ: รถลุยน้ำมา ขายตามสภาพ ทะเบียนเคยระงับใช้ กรณีเอกสารหมดอายุหรือสูญหาย ขอเอกสารใหม่มีค่าใช้จ่าย 500 บาท
B25: 1012 | C25: Honda | D25: Civic | F25: E i-VTEC | G25: E | H25: 300000 | I25: 10000 | J25: 320000 | K25: 2018 | L25: กต-9803 | M25: สระแก้ว | N25: 2018 | O25: 140796 | P25: FWD | Q25: 1.8 | R25: เทา | S25: AT | T25: เบนซิน | U25: สุวินทวงศ์
C26: หมายเหตุ: กรณีเอกสารหมดอายุหรือสูญหาย ขอเอกสารใหม่มีค่าใช้จ่าย 500 บาท
B27: 1013 | C27: Mitsubishi | D27: Triton | E27: Smart Cab | F27: GLX | G27: B | H27: 220000 | I27: 10000 | J27: 230000 | K27: 2020 | L27: บษ-4847 | M27: พระนครศรีอยุธยา | N27: 2021 | O27: 40119 | P27: RWD | Q27: 2.5 | R27: เทา | S27: MT | T27: ดีเซล | U27: สุวินทวงศ์
C28: หมายเหตุ: (KA) กรณีเอกสารหมดอายุหรือสูญหาย ขอเอกสารใหม่มีค่าใช้จ่าย 500 บาท
B29: 1014 | C29: Toyota | D29: Prius | F29: Hybrid Standard grade | G29: E | H29: 80000 | I29: 10000 | J29: 120000 | K29: 2011 | L29: ญญ-2543 | M29: กรุงเทพมหานคร | N29: 2011 | O29: 213831 | P29: FWD | Q29: 1.8 | R29: เทา | S29: AT | T29: ไฮบริด | U29: สุวินทวงศ์
C30: หมายเหตุ: รถลุยน้ำมา ขายตามสภาพ กรณีเอกสารหมดอายุหรือสูญหาย ขอเอกสารใหม่มีค่าใช้จ่าย 500 บาท
B31: 1015 | C31: Nissan | D31: Sylphy | F31: V | G31: F | H31: 100000 | I31: 10000 | J31: 110000 | K31: 2014 | L31: 2ขช-268 | M31: กรุงเทพมหานคร | N31: 2014 | O31: 206281 | P31: FWD | Q31: 1.6 | R31: ขาว | S31: AT | T31: เบนซิน | U31: สุวินทวงศ์
C32: หมายเหตุ: รถน้ำท่วม ขายตามสภาพ กรณีเอกสารหมดอายุหรือสูญหาย ขอเอกสารใหม่มีค่าใช้จ่าย 500 บาท
B33: 1016 | C33: Isuzu | D33: D-Max | E33: Single Cab | F33: S | G33: E | H33: 100000 | I33: 10000 | J33: 130000 | K33: 2019 | L33: 3ฒธ-1835 | M33: กรุงเทพมหานคร | N33: 2019 | O33: 203439 | P33: RWD | Q33: 1.9 | R33: ขาว | S33: MT | T33: ดีเซล | U33: สุวินทวงศ์
C34: หมายเหตุ: ไม่รับผิดชอบการโอนทุกกรณี เลขเครื่องเป็นสนิม แซสซีเป็นสนิม รถเปลี่ยนสีมา สีไม่ตรงเล่ม ขายตามสภาพ ผู้ซื้อดำเนินการเอง มีค่าปรับ M-flow 660 บาท กรณีเอกสารหมดอายุหรือสูญหาย ขอเอกสารใหม่มีค่าใช้จ่าย 500 บาท
B35: 1017 | C35: Honda | D35: City | F35: ZX EV VTEC | G35: F | H35: 30000 | I35: 10000 | J35: 40000 | K35: 2006 | L35: สร-8237 | M35: กรุงเทพมหานคร | N35: 2006 | O35: 199793 | P35: FWD | Q35: 1.5 | R35: เทา | S35: AT | T35: เบนซิน | U35: สุวินทวงศ์
C36: หมายเหตุ: รถน้ำท่วม ขายตามสภาพ ออกใบแทนคู่มือทะเบียนใหม่ กรณีรายการต่อเต็ม กรณีเอกสารหมดอายุหรือสูญหาย ขอเอกสารใหม่มีค่าใช้จ่าย 500 บาท
B37: 1018 | C37: Ford | D37: Ranger | E37: Double Cab | F37: Hi-Rider XLT | G37: E | H37: 220000 | I37: 10000 | J37: 220000 | K37: 2018 | L37: 8กฉ-4778 | M37: กรุงเทพมหานคร | N37: 2019 | O37: 168061 | P37: RWD | Q37: 2.2 | R37: ขาว | S37: MT | T37: ดีเซล | U37: สุวินทวงศ์
C38: หมายเหตุ: เลขเครื่องเป็นสนิม ขายตามสภาพ มีค่าปรับ M-flow 1,980 บาท กรณีเอกสารหมดอายุหรือสูญหาย ขอเอกสารใหม่มีค่าใช้จ่าย 500 บาท
B39: 1019 | C39: Isuzu | D39: D-Max | E39: Smart Cab | F39: X-Series Speed | G39: F | H39: 180000 | I39: 10000 | J39: 256000 | K39: 2018 | L39: บย-5110 | M39: ปราจีนบุรี | N39: 2019 | O39: 105377 | P39: RWD | Q39: 1.9 | R39: ดำ | S39: MT | T39: ดีเซล | U39: สุวินทวงศ์
C40: หมายเหตุ: ไม่รับผิดชอบการโอนทุกกรณี เนื่องจากรถมีการดัดแปลงเว้าโครงแซสซีมา รถลุยน้ำมา ขายตามสภาพ กรณีเอกสารหมดอายุหรือสูญหาย ขอเอกสารใหม่มีค่าใช้จ่าย 500 บาท
B41: 1020 | C41: MG | D41: ZS | F41: X+ | G41: B | H41: 280000 | I41: 10000 | J41: 340000 | K41: 2022 | L41: 2ขห-1309 | M41: กรุงเทพมหานคร | N41: 2022 | O41: 30960 | P41: FWD | Q41: 1.5 | R41: ดำ | S41: AT | T41: เบนซิน | U41: สุวินทวงศ์
C42: หมายเหตุ: (KA) กรณีเอกสารหมดอายุหรือสูญหาย ขอเอกสารใหม่มีค่าใช้จ่าย 500 บาท
B43: 1021 | C43: Mitsubishi | D43: Triton | E43: Double Cab | F43: GLS Plus | G43: E | H43: 280000 | I43: 10000 | J43: 300000 | K43: 2022 | L43: งจ-3246 | M43: ขอนแก่น | N43: 2022 | O43: 51060 | P43: RWD | Q43: 2.4 | R43: ขาว | S43: MT | T43: ดีเซล | U43: สุวินทวงศ์
C44: หมายเหตุ: รถติดสติ๊กเกอร์มา ขายตามสภาพ ผู้ซื้อดำเนินการเอง กรณีเอกสารหมดอายุหรือสูญหาย ขอเอกสารใหม่มีค่าใช้จ่าย 500 บาท
B45: 1022 | C45: Isuzu | D45: D-Max | E45: Smart Cab | F45: L | G45: E | H45: 140000 | I45: 10000 | J45: 144000 | K45: 2013 | L45: 2ฒค-3527 | M45: กรุงเทพมหานคร | N45: 2013 | O45: 407454 | P45: RWD | Q45: 2.5 | R45: ดำ | S45: MT | T45: ดีเซล | U45: สุวินทวงศ์
C46: หมายเหตุ: เลขเครื่องเป็นสนิม ขายตามสภาพ กรณีเอกสารหมดอายุหรือสูญหาย ขอเอกสารใหม่มีค่าใช้จ่าย 500 บาท
B47: 1023 | C47: Toyota | D47: Hilux Revo | E47: Smart Cab | F47: Entry | G47: C | H47: 0 | I47: 22800 | J47: 270000 | K47: 2021 | L47: ผน-7080 | M47: อุบลราชธานี | N47: 2022 | O47: 45508 | P47: RWD | Q47: 2.4 | R47: ขาว | S47: MT | T47: ดีเซล | U47: สุวินทวงศ์
C48: หมายเหตุ: แซสซีมีการซ่อมมา แผ่นเพลตยิงมาใหม่ ขายตามสภาพ โอนกรรมสิทธิ์ 2 ต่อ รถติดอายัดจราจรมีใบสั่ง 1 ใบ ปรับ 500 บาท ค่าเช็คต้น 100 บาท ภาษีหมดอายุ 07-02-25 ผู้ซื้อต้องดำเนินการต่อภาษีเอง กรณีรถติดอายัดจราจร หรือ มีค่าใช้จ่ายคงค้างจากการใช้ทางด่วน/M-flow ผู้ซื้อเป็นผู้รับผิดชอบค่าใช้จ่ายทุกกรณี
B49: 1024 | C49: Toyota | D49: Hilux Revo | E49: Smart Cab | F49: Z Edition Entry | G49: D | H49: 210000 | I49: 20600 | J49: 289000 | K49: 2021 | L49: 3ฒฌ-2413 | M49: กรุงเทพมหานคร | N49: 2021 | O49: 45150 | P49: RWD | Q49: 2.4 | R49: ขาว | S49: MT | T49: ดีเซล | U49: สุวินทวงศ์ | V49: ถูกยึดคืน
C50: หมายเหตุ: รถลุยน้ำมา ขายตามสภาพ ค่าเช็คต้น 100 บาท ภาษีหมดอายุ 25-05-25 ผู้ซื้อต้องดำเนินการต่อภาษีเอง กรณีไม่มีป้ายภาษี ผู้ซื้อต้องรับผิดชอบคัดป้ายใหม่เอง กรณีรถติดอายัดจราจร หรือ มีค่าใช้จ่ายคงค้างจากการใช้ทางด่วน/M-flow ผู้ซื้อเป็นผู้รับผิดชอบค่าใช้จ่ายทุกกรณี
B51: 1025 | C51: Toyota | D51: Corolla Altis | F51: E | G51: D | H51: 170000 | I51: 18400 | J51: 198000 | K51: 2015 | L51: 4กค-3826 | M51: กรุงเทพมหานคร | N51: 2015 | O51: 221869 | P51: FWD | Q51: 1.8 | R51: เทา | S51: AT | T51: เบนซิน | U51: สุวินทวงศ์ | V51: ถูกยึดคืน
C52: หมายเหตุ: ค่าเช็คต้น 100 บาท ภาษีหมดอายุ 27-02-25 ผู้ซื้อต้องดำเนินการต่อภาษีเอง กรณีไม่มีป้ายภาษี ผู้ซื้อต้องรับผิดชอบคัดป้ายใหม่เอง กรณีรถติดอายัดจราจร หรือ มีค่าใช้จ่ายคงค้างจากการใช้ทางด่วน/M-flow ผู้ซื้อเป็นผู้รับผิดชอบค่าใช้จ่ายทุกกรณี
B53: 1026 | C53: Toyota | D53: Hilux Revo | E53: Smart Cab | F53: Prerunner Mid | G53: A | H53: 390000 | I53: 18400 | J53: 492000 | K53: 2022 | L53: บห-2311 | M53: บุรีรัมย์ | N53: 2023 | O53: 49727 | P53: RWD | Q53: 2.4 | R53: ขาว ดำ | S53: AT | T53: ดีเซล | U53: สุวินทวงศ์ | V53: ถูกยึดคืน
C54: หมายเหตุ: มีค่าปรับ M-FLOW 660 บาท ค่าเช็คต้น 100 บาท ภาษีหมดอายุ 08-05-24 ผู้ซื้อต้องดำเนินการต่อภาษีเอง กรณีไม่มีป้ายภาษี ผู้ซื้อต้องรับผิดชอบคัดป้ายใหม่เอง กรณีรถติดอายัดจราจร หรือ มีค่าใช้จ่ายคงค้างจากการใช้ทางด่วน/M-flow ผู้ซื้อเป็นผู้รับผิดชอบค่าใช้จ่ายทุกกรณี
B55: 1027 | C55: Toyota | D55: Hilux Revo | E55: Smart Cab | F55: Prerunner Mid | G55: D | H55: 550000 | I55: 16900 | J55: 530000 | K55: 2022 | L55: 3ฒย-6748 | M55: กรุงเทพมหานคร | N55: 2023 | O55: 86807 | P55: 4WD | Q55: 2.4 | R55: ขาว | S55: MT | T55: ดีเซล | U55: สุวินทวงศ์
C56: หมายเหตุ: หากเอกสารหมดอายุหรือสูญหาย ขอเอกสารใหม่มีค่าใช้จ่าย 2,000 บาท
B57: 1028 | C57: Toyota | D57: Yaris | F57: Sport | G57: F | H57: 190000 | I57: 20600 | J57: 162000 | K57: 2020 | L57: 1ขธ-1651 | M57: กรุงเทพมหานคร | N57: 2020 | O57: 46444 | P57: FWD | Q57: 1.2 | R57: ขาว | S57: AT | T57: เบนซิน | U57: สุวินทวงศ์ | V57: ถูกยึดคืน
C58: หมายเหตุ: รถน้ำท่วม ขายตามสภาพ ค่าเช็คต้น 100 บาท ทะเบียนระงับ ภาษีขาดเกิน 3 ปี ผู้ซื้อดำเนินการจดป้ายใหม่เอง ค่าภาษีคงค้างผู้ซื้อเป็นผู้รับผิดชอบ กรณีรถติดอายัดจราจร หรือ มีค่าใช้จ่ายคงค้างจากการใช้ทางด่วน/M-flow ผู้ซื้อเป็นผู้รับผิดชอบค่าใช้จ่ายทุกกรณี
B59: 1029 | C59: Toyota | D59: Yaris | F59: J | G59: A | H59: 130000 | I59: 15600 | J59: 205000 | K59: 2017 | L59: 1ขฮ-4365 | M59: กรุงเทพมหานคร | N59: 2017 | O59: 100548 | P59: FWD | Q59: 1.2 | R59: เทา | S59: AT | T59: เบนซิน | U59: สุวินทวงศ์ | V59: ถูกยึดคืน
C60: หมายเหตุ: มีค่าปรับ M-FLOW 5,940 บาท ค่าเช็คต้น 100 บาท ภาษีหมดอายุ 22-06-25 ผู้ซื้อต้องดำเนินการต่อภาษีเอง กรณีไม่มีป้ายภาษี ผู้ซื้อต้องรับผิดชอบคัดป้ายใหม่เอง กรณีรถติดอายัดจราจร หรือ มีค่าใช้จ่ายคงค้างจากการใช้ทางด่วน/M-flow ผู้ซื้อเป็นผู้รับผิดชอบค่าใช้จ่ายทุกกรณี
B61: 1030 | C61: Toyota | D61: Hilux Revo | E61: Single Cab | F61: Entry | G61: E | H61: 215000 | I61: 20600 | J61: 303000 | K61: 2022 | L61: ยธ-8617 | M61: เชียงใหม่ | N61: 2022 | O61: 248678 | P61: RWD | Q61: 2.8 | R61: ขาว | S61: MT | T61: ดีเซล | U61: สุวินทวงศ์ | V61: ถูกยึดคืน
C62: หมายเหตุ: ค่าเช็คต้น 100 บาท ภาษีหมดอายุ 22-11-24 ผู้ซื้อต้องดำเนินการต่อภาษีเอง กรณีไม่มีป้ายภาษี ผู้ซื้อต้องรับผิดชอบคัดป้ายใหม่เอง กรณีรถติดอายัดจราจร หรือ มีค่าใช้จ่ายคงค้างจากการใช้ทางด่วน/M-flow ผู้ซื้อเป็นผู้รับผิดชอบค่าใช้จ่ายทุกกรณี
B63: 1031 | C63: Toyota | D63: Hilux Revo | E63: Smart Cab | F63: Z Edition Entry | G63: E | H63: 240000 | I63: 19600 | J63: 258000 | K63: 2023 | L63: 4ฒค-3244 | M63: กรุงเทพมหานคร | N63: 2024 | O63: 33397 | P63: RWD | Q63: 2.4 | R63: ขาว | S63: MT | T63: ดีเซล | U63: สุวินทวงศ์ | V63: ถูกยึดคืน
C64: หมายเหตุ: ค่าเช็คต้น 100 บาท ภาษีหมดอายุ 18-12-25 ผู้ซื้อต้องดำเนินการต่อภาษีเอง กรณีไม่มีป้ายภาษี ผู้ซื้อต้องรับผิดชอบคัดป้ายใหม่เอง กรณีรถติดอายัดจราจร หรือ มีค่าใช้จ่ายคงค้างจากการใช้ทางด่วน/M-flow ผู้ซื้อเป็นผู้รับผิดชอบค่าใช้จ่ายทุกกรณี
B65: 1032 | C65: Toyota | D65: Hilux Revo | E65: Smart Cab | F65: Z Edition Entry | G65: E | H65: 284000 | I65: 21500 | J65: 260000 | K65: 2022 | L65: 3ฒภ-8440 | M65: กรุงเทพมหานคร | N65: 2022 | O65: 16398 | P65: RWD | Q65: 2.4 | R65: ขาว | S65: MT | T65: ดีเซล | U65: สุวินทวงศ์ | V65: Op-เช่า
C66: หมายเหตุ: ผู้ซื้อต้องดำเนินการโอนภายใน 45 วัน หากเกินกำหนด ขอเอกสารใหม่ มีค่าใช้จ่าย 2,000 บาท ผู้ขายยกเลิกประกันภัยภาคสมัครใจ และ พรบ. แล้ว กรณีรถติดอายัดในเรื่องของจราจร ผู้ซื้อเป็นผู้รับผิดชอบค่าใช้จ่ายทุกกรณี ค่าดำเนินการอื่น 6,500 บาท (ไม่รวม Vat) ไม่มีแผ่นป้ายภาษี ผู้ซื้อดำเนินการคัดป้ายใหม่เอง ภาษีหมดอายุ ผู้ซื้อต้องดำเนินการต่อภาษีเอง
B67: 1033 | C67: Toyota | D67: Hilux Revo | E67: Smart Cab | F67: E | G67: E | H67: 180000 | I67: 17000 | J67: 200000 | K67: 2019 | L67: 2ฒผ-2543 | M67: กรุงเทพมหานคร | N67: 2019 | O67: 272399 | P67: RWD | Q67: 2.4 | R67: ขาว | S67: MT | T67: ดีเซล | U67: สุวินทวงศ์ | V67: Op-เช่า
C68: หมายเหตุ: เปลี่ยนสีมาลงเล่มแล้ว โอน 2 ต่อ บังคับโอนผ่านผู้ขาย ค่าโอนกรรมสิทธิ์ 3000 บาท เล่มทะเบียนจัดส่งภายใน 30 วัน หลังการประมูล
B69: 1034 | C69: Honda | D69: CR-V | F69: E | G69: C | H69: 510000 | I69: 17000 | J69: 490000 | K69: 2018 | L69: 6กผ-8241 | M69: กรุงเทพมหานคร | N69: 2018 | O69: 178471 | P69: FWD | Q69: 2.4 | R69: เทา | S69: AT | T69: เบนซิน | U69: สุวินทวงศ์ | V69: Op-เช่า
C70: หมายเหตุ: มีค่าปรับ M-flow 330 บาท โอน 2 ต่อ บังคับโอนผ่านผู้ขาย ค่าโอนกรรมสิทธิ์ 3000 บาท เล่มทะเบียนจัดส่งภายใน 30 วัน หลังการประมูล
B71: 1035 | C71: Mercedes-Benz | D71: E350 | F71: e Exclusive | G71: B | H71: 876000 | I71: 16500 | J71: 870000 | K71: 2019 | L71: 8กย-4484 | M71: กรุงเทพมหานคร | N71: 2019 | O71: 103094 | P71: RWD | Q71: 2 | R71: เทา | S71: AT | T71: ไฮบริด | U71: สุวินทวงศ์
C72: หมายเหตุ: เล่มทะเบียนชุดโอนจัดส่งภายใน 30 วัน หลังการประมูล หากเอกสารหมดอายุ ขอเอกสารใหม่ มีค่าใช้จ่าย 1,500 บาท
B73: 1036 | C73: Toyota | D73: Hilux Revo | E73: Smart Cab | F73: Z Edition E | G73: E | H73: 165000 | I73: 20600 | J73: 233000 | K73: 2019 | L73: ผฉ-9608 | M73: นครศรีธรรมราช | N73: 2019 | O73: 116182 | P73: RWD | Q73: 2.4 | R73: ขาว | S73: MT | T73: ดีเซล | U73: สุวินทวงศ์ | V73: ถูกยึดคืน
C74: หมายเหตุ: เลขเครื่องเป็นสนิม ขายตามสภาพ ค่าเช็คต้น 100 บาท ภาษีหมดอายุ 21-11-24 ผู้ซื้อต้องดำเนินการต่อภาษีเอง กรณีไม่มีป้ายภาษี ผู้ซื้อต้องรับผิดชอบคัดป้ายใหม่เอง กรณีรถติดอายัดจราจร หรือ มีค่าใช้จ่ายคงค้างจากการใช้ทางด่วน/M-flow ผู้ซื้อเป็นผู้รับผิดชอบค่าใช้จ่ายทุกกรณี
B75: 1037 | C75: Toyota | D75: Hilux Revo | E75: Single Cab | F75: J Plus | G75: E | H75: 130000 | I75: 20400 | J75: 183000 | K75: 2018 | L75: บพ-3947 | M75: สุโขทัย | N75: 2018 | O75: 874803 | P75: RWD | Q75: 2.8 | R75: ขาว | S75: MT | T75: ดีเซล | U75: สุวินทวงศ์ | V75: ถูกยึดคืน
C76: หมายเหตุ: ค่าเช็คต้น 100 บาท ภาษีหมดอายุ 14-08-25 ผู้ซื้อต้องดำเนินการต่อภาษีเอง กรณีไม่มีป้ายภาษี ผู้ซื้อต้องรับผิดชอบคัดป้ายใหม่เอง กรณีรถติดอายัดจราจร หรือ มีค่าใช้จ่ายคงค้างจากการใช้ทางด่วน/M-flow ผู้ซื้อเป็นผู้รับผิดชอบค่าใช้จ่ายทุกกรณี
B77: 1038 | C77: Toyota | D77: Hilux Revo | E77: Single Cab | F77: Entry | G77: F | H77: 160000 | I77: 19600 | J77: 192000 | K77: 2020 | L77: บล-1537 | M77: ชุมพร | N77: 2021 | O77: 204638 | P77: RWD | Q77: 2.8 | R77: ขาว ดำ | S77: MT | T77: ดีเซล | U77: สุวินทวงศ์ | V77: ถูกยึดคืน
C78: หมายเหตุ: ไม่รับผิดชอบการโอนทุกกรณี เนื่องจากรถมีการดัดแปลงเว้าโครงแซสซีมา สีไม่ตรงเล่ม เบาะโดยสารมีการดัดแปลง ขายตามสภาพ ผู้ซื้อดำเนินการเอง ค่าเช็คต้น 100 บาท ภาษีหมดอายุ 19-05-24 ผู้ซื้อต้องดำเนินการต่อภาษีเอง กรณีไม่มีป้ายภาษี ผู้ซื้อต้องรับผิดชอบคัดป้ายใหม่เอง กรณีรถติดอายัดจราจร หรือ มีค่าใช้จ่ายคงค้างจากการใช้ทางด่วน/M-flow ผู้ซื้อเป็นผู้รับผิดชอบค่าใช้จ่ายทุกกรณี
B79: 1039 | C79: Toyota | D79: Yaris | F79: Sport Premium | G79: C | H79: 250000 | I79: 19600 | J79: 312000 | K79: 2020 | L79: กษ-9859 | M79: นครสวรรค์ | N79: 2020 | O79: 100413 | P79: FWD | Q79: 1.2 | R79: ขาว | S79: AT | T79: เบนซิน | U79: สุวินทวงศ์ | V79: ถูกยึดคืน
C80: หมายเหตุ: ค่าเช็คต้น 100 บาท ภาษีหมดอายุ 16-11-25 ผู้ซื้อต้องดำเนินการต่อภาษีเอง กรณีไม่มีป้ายภาษี ผู้ซื้อต้องรับผิดชอบคัดป้ายใหม่เอง กรณีรถติดอายัดจราจร หรือ มีค่าใช้จ่ายคงค้างจากการใช้ทางด่วน/M-flow ผู้ซื้อเป็นผู้รับผิดชอบค่าใช้จ่ายทุกกรณี
B81: 1040 | C81: Toyota | D81: Hilux Revo | E81: Smart Cab | F81: Z Edition Entry | G81: A | H81: 260000 | I81: 15600 | J81: 316000 | K81: 2023 | L81: 3ฒส-6082 | M81: กรุงเทพมหานคร | N81: 2023 | O81: 13668 | P81: RWD | Q81: 2.4 | R81: เทา | S81: MT | T81: ดีเซล | U81: สุวินทวงศ์ | V81: ถูกยึดคืน
C82: หมายเหตุ: ค่าเช็คต้น 100 บาท ภาษีหมดอายุ 25-10-24 ผู้ซื้อต้องดำเนินการต่อภาษีเอง กรณีไม่มีป้ายภาษี ผู้ซื้อต้องรับผิดชอบคัดป้ายใหม่เอง กรณีรถติดอายัดจราจร หรือ มีค่าใช้จ่ายคงค้างจากการใช้ทางด่วน/M-flow ผู้ซื้อเป็นผู้รับผิดชอบค่าใช้จ่ายทุกกรณี
B83: 1041 | C83: Honda | D83: City | F83: V i-VTEC | G83: F | H83: 70000 | I83: 20400 | J83: 139000 | K83: 2013 | L83: กง-7300 | M83: พิจิตร | N83: 2013 | O83: 209304 | P83: FWD | Q83: 1.5 | R83: ขาว | S83: AT | T83: เบนซิน | U83: สุวินทวงศ์ | V83: ถูกยึดคืน
C84: หมายเหตุ: รถน้ำท่วม ขายตามสภาพ ค่าเช็คต้น 100 บาท ภาษีหมดอายุ 03-09-24 ผู้ซื้อต้องดำเนินการต่อภาษีเอง กรณีไม่มีป้ายภาษี ผู้ซื้อต้องรับผิดชอบคัดป้ายใหม่เอง กรณีรถติดอายัดจราจร หรือ มีค่าใช้จ่ายคงค้างจากการใช้ทางด่วน/M-flow ผู้ซื้อเป็นผู้รับผิดชอบค่าใช้จ่ายทุกกรณี
B85: 1042 | C85: Toyota | D85: Hilux Revo | E85: Smart Cab | F85: Prerunner Entry | G85: B | H85: 320000 | I85: 20900 | J85: 394000 | K85: 2021 | L85: 3ฒฌ-9459 | M85: กรุงเทพมหานคร | N85: 2021 | O85: 54440 | P85: RWD | Q85: 2.4 | R85: เทา | S85: MT | T85: ดีเซล | U85: สุวินทวงศ์ | V85: ถูกยึดคืน
C86: หมายเหตุ: ค่าเช็คต้น 100 บาท ภาษีหมดอายุ 22-07-23 ผู้ซื้อต้องดำเนินการต่อภาษีเอง กรณีไม่มีป้ายภาษี ผู้ซื้อต้องรับผิดชอบคัดป้ายใหม่เอง กรณีรถติดอายัดจราจร หรือ มีค่าใช้จ่ายคงค้างจากการใช้ทางด่วน/M-flow ผู้ซื้อเป็นผู้รับผิดชอบค่าใช้จ่ายทุกกรณี
B87: 1043 | C87: Lexus | D87: UX250h | F87: Grand Luxury | G87: A+ | H87: 1692000 | I87: 16000 | J87: 1652000 | K87: 2023 | L87: 4ขฐ-4762 | M87: กรุงเทพมหานคร | N87: 2023 | O87: 9924 | P87: FWD | Q87: 2 | R87: เทา | S87: AT | T87: ไฮบริด | U87: สุวินทวงศ์
C88: หมายเหตุ: ผู้ซื้อต้องทำการโอนกรรมสิทธิ์ 2 ต่อ เล่มทะเบียนชุดโอนจัดส่งภายใน 30 วัน หลังการประมูล หากเอกสารหมดอายุ ขอเอกสารใหม่ มีค่าใช้จ่าย 1,500 บาท กรณีภาษีหมดอายุ ผู้ซื้อต้องต่อภาษีเอง
B89: 1044 | C89: Mercedes-Benz | D89: E350 | F89: e Exclusive | G89: C | H89: 778000 | I89: 16500 | J89: 762000 | K89: 2018 | L89: 7กม-1075 | M89: กรุงเทพมหานคร | N89: 2018 | O89: 193042 | P89: RWD | Q89: 2 | R89: เทา | S89: AT | T89: ไฮบริด | U89: สุวินทวงศ์
C90: หมายเหตุ: เล่มทะเบียนชุดโอนจัดส่งภายใน 30 วัน หลังการประมูล หากเอกสารหมดอายุ ขอเอกสารใหม่ มีค่าใช้จ่าย 1,500 บาท ภาษีหมดอายุ ผู้ซื้อต้องต่อภาษีเอง
B91: 1045 | C91: Toyota | D91: Hilux Revo | E91: Single Cab | F91: J | G91: E | H91: 140000 | I91: 16000 | J91: 130000 | K91: 2019 | L91: 2ฒว-6274 | M91: กรุงเทพมหานคร | N91: 2019 | O91: 270428 | P91: RWD | Q91: 2.4 | R91: ส้ม | S91: MT | T91: ดีเซล | U91: สุวินทวงศ์
C92: หมายเหตุ: สีไม่ตรงเล่มเนื่องจากติดสติ๊กเกอร์ ขายตามสภาพ ผู้ซื้อดำเนินการเอง บังคับโอน 2 ต่อ ค่าโอนกรรมสิทธิ์ 3000 บาท กรณีติดอายัดจราจรผู้ซื้อเป็นผู้รับผิดชอบทุกกรณี
B93: 1046 | C93: Toyota | D93: Hilux Revo | E93: Single Cab | F93: J | G93: C | H93: 200000 | I93: 19600 | J93: 244000 | K93: 2020 | L93: ผท-6758 | M93: อุบลราชธานี | N93: 2020 | O93: 118281 | P93: RWD | Q93: 2.4 | R93: เทา | S93: MT | T93: ดีเซล | U93: สุวินทวงศ์ | V93: ถูกยึดคืน
C94: หมายเหตุ: ค่าเช็คต้น 100 บาท ภาษีหมดอายุ 23-04-25 ผู้ซื้อต้องดำเนินการต่อภาษีเอง กรณีไม่มีป้ายภาษี ผู้ซื้อต้องรับผิดชอบคัดป้ายใหม่เอง กรณีรถติดอายัดจราจร หรือ มีค่าใช้จ่ายคงค้างจากการใช้ทางด่วน/M-flow ผู้ซื้อเป็นผู้รับผิดชอบค่าใช้จ่ายทุกกรณี
B95: 1047 | C95: Toyota | D95: Hilux Revo | E95: Smart Cab | F95: Z Edition J Plus | G95: D | H95: 180000 | I95: 19600 | J95: 251000 | K95: 2019 | L95: บล-2850 | M95: กาฬสินธุ์ | N95: 2019 | O95: 77647 | P95: RWD | Q95: 2.4 | R95: ขาว | S95: MT | T95: ดีเซล | U95: สุวินทวงศ์ | V95: ถูกยึดคืน
C96: หมายเหตุ: ค่าเช็คต้น 100 บาท ภาษีหมดอายุ 28-06-24 ผู้ซื้อต้องดำเนินการต่อภาษีเอง กรณีไม่มีป้ายภาษี ผู้ซื้อต้องรับผิดชอบคัดป้ายใหม่เอง กรณีรถติดอายัดจราจร หรือ มีค่าใช้จ่ายคงค้างจากการใช้ทางด่วน/M-flow ผู้ซื้อเป็นผู้รับผิดชอบค่าใช้จ่ายทุกกรณี
B97: 1048 | C97: Toyota | D97: Hilux Revo | E97: Double Cab | F97: Prerunner Mid | G97: A | H97: 540000 | I97: 19600 | J97: 575000 | K97: 2022 | L97: กม-477 | M97: สุพรรณบุรี | N97: 2022 | O97: 109404 | P97: RWD | Q97: 2.4 | R97: ขาว | S97: AT | T97: ดีเซล | U97: สุวินทวงศ์ | V97: ถูกยึดคืน
C98: หมายเหตุ: ค่าเช็คต้น 100 บาท ภาษีหมดอายุ 27-05-25 ผู้ซื้อต้องดำเนินการต่อภาษีเอง กรณีไม่มีป้ายภาษี ผู้ซื้อต้องรับผิดชอบคัดป้ายใหม่เอง กรณีรถติดอายัดจราจร หรือ มีค่าใช้จ่ายคงค้างจากการใช้ทางด่วน/M-flow ผู้ซื้อเป็นผู้รับผิดชอบค่าใช้จ่ายทุกกรณี
B99: 1049 | C99: Toyota | D99: Vios | F99: Mid | G99: C | H99: 210000 | I99: 20600 | J99: 278000 | K99: 2021 | L99: จค-4168 | M99: เชียงใหม่ | N99: 2022 | O99: 63348 | P99: FWD | Q99: 1.5 | R99: ขาว | S99: AT | T99: เบนซิน | U99: สุวินทวงศ์ | V99: ถูกยึดคืน
C100: หมายเหตุ: ค่าเช็คต้น 100 บาท ภาษีหมดอายุ 14-03-24 ผู้ซื้อต้องดำเนินการต่อภาษีเอง กรณีไม่มีป้ายภาษี ผู้ซื้อต้องรับผิดชอบคัดป้ายใหม่เอง กรณีรถติดอายัดจราจร หรือ มีค่าใช้จ่ายคงค้างจากการใช้ทางด่วน/M-flow ผู้ซื้อเป็นผู้รับผิดชอบค่าใช้จ่ายทุกกรณี
...

Sheet 30012025
C1: 45687 | D1: 108 | E1: =COUNTA(B:B)-1 -> 108
A2: รูปภาพ | B2: ลำดับที่ | C2: ยี่ห้อ | D2: รุ่น | E2: ประเภทรถกระบะ | F2: รุ่นย่อย | G2: เกรด | H2: ราคาเริ่มต้น (ไม่รวมvat) | I2: ค่าธรรมเนียม (ไม่รวมvat) | J2: ราคาสูงสุด | K2: ปีที่ผลิต | L2: ป้ายทะเบียนรถ | M2: จังหวัด | N2: ปีที่จดทะเบียน | O2: เลขไมล์ (กม.) | P2: ระบบขับเคลื่อน | Q2: ความจุ (CC) | R2: สี | S2: ระบบเกียร์ | T2: เชื้อเพลิง | U2: สถานที่จอดรถ | V2: ประเภทรถประมูล
B3: 1001 | C3: Toyota | D3: Hilux Revo | E3: Double Cab | F3: Prerunner Entry | G3: A | H3: 500000 | I3: 18400 | J3: 616000 | K3: 2024 | L3: ขล-9784 | M3: ระยอง | N3: 2024 | O3: 6222 | P3: RWD | Q3: 2.4 | R3: ขาว | S3: MT | T3: ดีเซล | U3: สุวินทวงศ์ | V3: ถูกยึดคืน
C4: หมายเหตุ: ค่าเช็คต้น 100 บาท ภาษีหมดอายุ 03-07-25 ผู้ซื้อต้องดำเนินการต่อภาษีเอง กรณีไม่มีป้ายภาษี ผู้ซื้อต้องรับผิดชอบคัดป้ายใหม่เอง กรณีรถติดอายัดจราจร หรือ มีค่าใช้จ่ายคงค้างจากการใช้ทางด่วน/M-flow ผู้ซื้อเป็นผู้รับผิดชอบค่าใช้จ่ายทุกกรณี
B5: 1002 | C5: Toyota | D5: Hilux Revo | E5: Smart Cab | F5: Prerunner Entry | G5: A | H5: 440000 | I5: 21600 | J5: 556000 | K5: 2024 | L5: บต-9583 | M5: นราธิวาส | N5: 2024 | O5: 16678 | P5: RWD | Q5: 2.4 | R5: เทา | S5: AT | T5: ดีเซล | U5: สุวินทวงศ์ | V5: ถูกยึดคืน
C6: หมายเหตุ: ไม่มีแผ่นป้ายทะเบียน ผู้ซื้อดำเนินการคัดป้ายใหม่เอง ค่าเช็คต้น 100 บาท ภาษีหมดอายุ 13-05-25 ผู้ซื้อต้องดำเนินการต่อภาษีเอง กรณีไม่มีป้ายภาษี ผู้ซื้อต้องรับผิดชอบคัดป้ายใหม่เอง กรณีรถติดอายัดจราจร หรือ มีค่าใช้จ่ายคงค้างจากการใช้ทางด่วน/M-flow ผู้ซื้อเป็นผู้รับผิดชอบค่าใช้จ่ายทุกกรณี
B7: 1003 | C7: Toyota | D7: Yaris | F7: Sport | G7: B | H7: 312000 | I7: 15600 | J7: 372000 | K7: 2023 | L7: 5ขฌ-8495 | M7: กรุงเทพมหานคร | N7: 2024 | O7: 7387 | P7: FWD | Q7: 1.2 | R7: เทา | S7: AT | T7: เบนซิน | U7: สุวินทวงศ์ | V7: ถูกยึดคืน
C8: หมายเหตุ: ค่าเช็คต้น 100 บาท ภาษีหมดอายุ 28-02-25 ผู้ซื้อต้องดำเนินการต่อภาษีเอง กรณีไม่มีป้ายภาษี ผู้ซื้อต้องรับผิดชอบคัดป้ายใหม่เอง กรณีรถติดอายัดจราจร หรือ มีค่าใช้จ่ายคงค้างจากการใช้ทางด่วน/M-flow ผู้ซื้อเป็นผู้รับผิดชอบค่าใช้จ่ายทุกกรณี
B9: 1004 | C9: Toyota | D9: Fortuner | F9: Leader G | G9: B | H9: 850000 | I9: 20400 | J9: 944000 | K9: 2023 | L9: กธ-3079 | M9: แพร่ | N9: 2023 | O9: 32744 | P9: RWD | Q9: 2.4 | R9: ขาว | S9: AT | T9: ดีเซล | U9: สุวินทวงศ์ | V9: ถูกยึดคืน
C10: หมายเหตุ: ค่าเช็คต้น 100 บาท ภาษีหมดอายุ 16-06-24 ผู้ซื้อต้องดำเนินการต่อภาษีเอง กรณีไม่มีป้ายภาษี ผู้ซื้อต้องรับผิดชอบคัดป้ายใหม่เอง กรณีรถติดอายัดจราจร หรือ มีค่าใช้จ่ายคงค้างจากการใช้ทางด่วน/M-flow ผู้ซื้อเป็นผู้รับผิดชอบค่าใช้จ่ายทุกกรณี
B11: 1005 | C11: Toyota | D11: Hilux Revo | E11: Smart Cab | F11: Z Edition Entry | G11: D | H11: 225000 | I11: 19600 | J11: 284000 | K11: 2022 | L11: ผข-7015 | M11: สุพรรณบุรี | N11: 2022 | O11: 96622 | P11: RWD | Q11: 2.4 | R11: เทา | S11: MT | T11: ดีเซล | U11: สุวินทวงศ์ | V11: ถูกยึดคืน
C12: หมายเหตุ: รถลุยน้ำมา เบาะแคปดัดแปลงมา ขายตามสภาพ ค่าเช็คต้น 100 บาท ภาษีหมดอายุ 18-08-25 ผู้ซื้อต้องดำเนินการต่อภาษีเอง กรณีไม่มีป้ายภาษี ผู้ซื้อต้องรับผิดชอบคัดป้ายใหม่เอง กรณีรถติดอายัดจราจร หรือ มีค่าใช้จ่ายคงค้างจากการใช้ทางด่วน/M-flow ผู้ซื้อเป็นผู้รับผิดชอบค่าใช้จ่ายทุกกรณี
B13: 1006 | C13: Toyota | D13: Hilux Revo | E13: Smart Cab | F13: Prerunner Mid | G13: A | H13: 420000 | I13: 18900 | J13: 500000 | K13: 2022 | L13: ยบ-5374 | M13: นครราชสีมา | N13: 2022 | O13: 32410 | P13: RWD | Q13: 2.4 | R13: ขาว | S13: AT | T13: ดีเซล | U13: สุวินทวงศ์ | V13: ถูกยึดคืน
C14: หมายเหตุ: เลขเครื่องเป็นสนิม ขายตามสภาพ ค่าเช็คต้น 100 บาท ภาษีหมดอายุ 22-12-24 ผู้ซื้อต้องดำเนินการต่อภาษีเอง กรณีไม่มีป้ายภาษี ผู้ซื้อต้องรับผิดชอบคัดป้ายใหม่เอง กรณีรถติดอายัดจราจร หรือ มีค่าใช้จ่ายคงค้างจากการใช้ทางด่วน/M-flow ผู้ซื้อเป็นผู้รับผิดชอบค่าใช้จ่ายทุกกรณี
B15: 1007 | C15: Toyota | D15: Corolla Cross | F15: HEV Premium | G15: B | H15: 520000 | I15: 20900 | J15: 652000 | K15: 2020 | L15: กค-616 | M15: บึงกาฬ | N15: 2020 | O15: 68316 | P15: FWD | Q15: 1.8 | R15: ขาว | S15: AT | T15: ไฮบริด | U15: สุวินทวงศ์ | V15: ถูกยึดคืน
C16: หมายเหตุ: ค่าเช็คต้น 100 บาท ภาษีหมดอายุ 19-10-24 ผู้ซื้อต้องดำเนินการต่อภาษีเอง กรณีไม่มีป้ายภาษี ผู้ซื้อต้องรับผิดชอบคัดป้ายใหม่เอง กรณีรถติดอายัดจราจร หรือ มีค่าใช้จ่ายคงค้างจากการใช้ทางด่วน/M-flow ผู้ซื้อเป็นผู้รับผิดชอบค่าใช้จ่ายทุกกรณี
B17: 1008 | C17: Toyota | D17: Hilux Revo | E17: Double Cab | F17: Prerunner E Plus | G17: C | H17: 290000 | I17: 15600 | J17: 408000 | K17: 2018 | L17: 8กข-4802 | M17: กรุงเทพมหานคร | N17: 2018 | O17: 87187 | P17: RWD | Q17: 2.4 | R17: เทา | S17: MT | T17: ดีเซล | U17: สุวินทวงศ์ | V17: ถูกยึดคืน
C18: หมายเหตุ: ค่าเช็คต้น 100 บาท ภาษีหมดอายุ 14-11-24 ผู้ซื้อต้องดำเนินการต่อภาษีเอง กรณีไม่มีป้ายภาษี ผู้ซื้อต้องรับผิดชอบคัดป้ายใหม่เอง กรณีรถติดอายัดจราจร หรือ มีค่าใช้จ่ายคงค้างจากการใช้ทางด่วน/M-flow ผู้ซื้อเป็นผู้รับผิดชอบค่าใช้จ่ายทุกกรณี
B19: 1009 | C19: Toyota | D19: Camry | F19: G | G19: D | H19: 460000 | I19: 18900 | J19: 630000 | K19: 2019 | L19: กย-526 | M19: ราชบุรี | N19: 2020 | O19: 67906 | P19: FWD | Q19: 2 | R19: ดำ | S19: AT | T19: เบนซิน | U19: สุวินทวงศ์ | V19: ถูกยึดคืน
C20: หมายเหตุ: ค่าเช็คต้น 100 บาท ภาษีหมดอายุ 26-03-25 ผู้ซื้อต้องดำเนินการต่อภาษีเอง กรณีไม่มีป้ายภาษี ผู้ซื้อต้องรับผิดชอบคัดป้ายใหม่เอง กรณีรถติดอายัดจราจร หรือ มีค่าใช้จ่ายคงค้างจากการใช้ทางด่วน/M-flow ผู้ซื้อเป็นผู้รับผิดชอบค่าใช้จ่ายทุกกรณี
B21: 1010 | C21: Toyota | D21: Hilux Revo | E21: Smart Cab | F21: Rocco | G21: B | H21: 420000 | I21: 19600 | J21: 566000 | K21: 2021 | L21: ยต-7282 | M21: เชียงใหม่ | N21: 2021 | O21: 24433 | P21: RWD | Q21: 2.4 | R21: ขาว | S21: AT | T21: ดีเซล | U21: สุวินทวงศ์ | V21: ถูกยึดคืน
C22: หมายเหตุ: ค่าเช็คต้น 100 บาท ภาษีหมดอายุ 09-06-25 ผู้ซื้อต้องดำเนินการต่อภาษีเอง กรณีไม่มีป้ายภาษี ผู้ซื้อต้องรับผิดชอบคัดป้ายใหม่เอง กรณีรถติดอายัดจราจร หรือ มีค่าใช้จ่ายคงค้างจากการใช้ทางด่วน/M-flow ผู้ซื้อเป็นผู้รับผิดชอบค่าใช้จ่ายทุกกรณี
B23: 1011 | C23: Toyota | D23: Innova | F23: G | G23: B | H23: 440000 | I23: 18000 | J23: 0 | K23: 2017 | L23: 6กฆ-2762 | M23: กรุงเทพมหานคร | N23: 2017 | O23: 111697 | P23: RWD | Q23: 2.8 | R23: ดำ | S23: AT | T23: ดีเซล | U23: สุวินทวงศ์ | V23: Op-เช่า
C24: หมายเหตุ: โอนกรรมสิทธิ์ผ่านผู้ขาย ค่าโอน 3000 บาท กรณีไม่มีป้ายภาษี ผู้ซื้อต้องรับผิดชอบคัดป้ายใหม่เอง
B25: 1012 | C25: Toyota | D25: Ventury | F25: G | G25: D | H25: 560000 | I25: 16800 | J25: 0 | K25: 2017 | L25: ฮฐ-6043 | M25: กรุงเทพมหานคร | N25: 2018 | O25: 143346 | P25: RWD | Q25: 3 | R25: ขาว | S25: AT | T25: ดีเซล | U25: สุวินทวงศ์ | V25: Op-เช่า
C26: หมายเหตุ: เลขเครื่องเป็นสนิม ขายตามสภาพ ผู้ซื้อดำเนินการโอนกรรมสิทธิด้วยตนเอง ค่าเอกสารชุดโอนกรรมสิทธิ์ 2,000 บาท กรณีไม่มีป้ายภาษี ผู้ซื้อต้องรับผิดชอบคัดป้ายใหม่เอง
B27: 1013-1 | C27: Toyota | D27: Hilux Revo | E27: Single Cab | F27: J | G27: E | H27: 140000 | I27: 16000 | J27: 116000 | K27: 2019 | L27: 2ฒว-6297 | M27: กรุงเทพมหานคร | N27: 2019 | O27: 212607 | P27: RWD | Q27: 2.4 | R27: ส้ม | S27: MT | T27: ดีเซล | U27: สุวินทวงศ์
C28: หมายเหตุ: สีไม่ตรงเล่มเนื่องจากติดสติ๊กเกอร์ ขายตามสภาพ ผู้ซื้อดำเนินการเอง บังคับโอน 2 ต่อ ค่าโอนกรรมสิทธิ์ 3000 บาท กรณีติดอายัดจราจรผู้ซื้อเป็นผู้รับผิดชอบทุกกรณี
B29: 1014 | C29: Toyota | D29: Yaris | F29: G | G29: C | H29: 130000 | I29: 19600 | J29: 192000 | K29: 2015 | L29: 4กส-7663 | M29: กรุงเทพมหานคร | N29: 2016 | O29: 77009 | P29: FWD | Q29: 1.2 | R29: เทา | S29: AT | T29: เบนซิน | U29: สุวินทวงศ์ | V29: ถูกยึดคืน
C30: หมายเหตุ: ค่าเช็คต้น 100 บาท ภาษีหมดอายุ 19-01-24 ผู้ซื้อต้องดำเนินการต่อภาษีเอง กรณีไม่มีป้ายภาษี ผู้ซื้อต้องรับผิดชอบคัดป้ายใหม่เอง กรณีรถติดอายัดจราจร หรือ มีค่าใช้จ่ายคงค้างจากการใช้ทางด่วน/M-flow ผู้ซื้อเป็นผู้รับผิดชอบค่าใช้จ่ายทุกกรณี
B31: 1015 | C31: Toyota | D31: Fortuner | F31: V | G31: A | H31: 670000 | I31: 15600 | J31: 802000 | K31: 2019 | L31: กบ-5521 | M31: ฉะเชิงเทรา | N31: 2019 | O31: 65211 | P31: RWD | Q31: 2.4 | R31: ขาว | S31: AT | T31: ดีเซล | U31: สุวินทวงศ์ | V31: ถูกยึดคืน
C32: หมายเหตุ: ค่าเช็คต้น 100 บาท ภาษีหมดอายุ 14-05-25 ผู้ซื้อต้องดำเนินการต่อภาษีเอง กรณีไม่มีป้ายภาษี ผู้ซื้อต้องรับผิดชอบคัดป้ายใหม่เอง กรณีรถติดอายัดจราจร หรือ มีค่าใช้จ่ายคงค้างจากการใช้ทางด่วน/M-flow ผู้ซื้อเป็นผู้รับผิดชอบค่าใช้จ่ายทุกกรณี
B33: 1016 | C33: Toyota | D33: Hilux Revo | E33: Single Cab | F33: J | G33: E | H33: 230000 | I33: 20600 | J33: 390000 | K33: 2019 | L33: บพ-1212 | M33: ตรัง | N33: 2019 | O33: 112030 | P33: 4WD | Q33: 2.8 | R33: เทา | S33: MT | T33: ดีเซล | U33: สุวินทวงศ์ | V33: ถูกยึดคืน
C34: หมายเหตุ: แจ้งหยุดใช้รถ เพื่อแขวนป้ายประมูลให้กับเจ้าของเดิม ขายไม่รวมป้าย ไม่มีแผ่นป้ายทะเบียน ผู้ซื้อต้องดำเนินการจดป้ายใหม่เอง รถติดแก๊สมา ไม่ลงเล่ม ขายตามสภาพ ผู้ซื้อดำเนินการเอง ค่าเช็คต้น 100 บาท ภาษีหมดอายุ 19-07-25 ผู้ซื้อต้องดำเนินการต่อภาษีเอง กรณีไม่มีป้ายภาษี ผู้ซื้อต้องรับผิดชอบคัดป้ายใหม่เอง กรณีรถติดอายัดจราจร หรือ มีค่าใช้จ่ายคงค้างจากการใช้ทางด่วน/M-flow ผู้ซื้อเป็นผู้รับผิดชอบค่าใช้จ่ายทุกกรณี
B35: 1017 | C35: Toyota | D35: Hilux Revo | E35: Smart Cab | F35: Prerunner E Plus | G35: B | H35: 240000 | I35: 19600 | J35: 356000 | K35: 2018 | L35: ยค-1899 | M35: เชียงใหม่ | N35: 2018 | O35: 79197 | P35: RWD | Q35: 2.4 | R35: ดำ | S35: MT | T35: ดีเซล | U35: สุวินทวงศ์ | V35: ถูกยึดคืน
C36: หมายเหตุ: ค่าเช็คต้น 100 บาท ภาษีหมดอายุ 22-06-25 ผู้ซื้อต้องดำเนินการต่อภาษีเอง กรณีไม่มีป้ายภาษี ผู้ซื้อต้องรับผิดชอบคัดป้ายใหม่เอง กรณีรถติดอายัดจราจร หรือ มีค่าใช้จ่ายคงค้างจากการใช้ทางด่วน/M-flow ผู้ซื้อเป็นผู้รับผิดชอบค่าใช้จ่ายทุกกรณี
B37: 1018 | C37: Toyota | D37: Corolla Altis | F37: G | G37: E | H37: 266000 | I37: 21819 | J37: 240000 | K37: 2019 | L37: 9กฒ-8875 | M37: กรุงเทพมหานคร | N37: 2019 | O37: 224084 | P37: FWD | Q37: 1.6 | R37: เทา | S37: AT | T37: แก๊ส | U37: สุวินทวงศ์ | V37: Op-เช่า
C38: หมายเหตุ: ติดแก๊สมา ลงเล่มแล้ว ผู้ซื้อต้องดำเนินการโอนภายใน 45 วัน หากเกินกำหนด ขอเอกสารใหม่ มีค่าใช้จ่าย 2,000 บาท ค่าภาษีเรียกเก็บคืนผู้ขาย 1,819 บาท (ไม่มี Vat) ชำระเงินสด ผู้ขายยกเลิกประกันภัยภาคสมัครใจ และ พรบ. แล้ว กรณีรถติดอายัดในเรื่องของจราจร ผู้ซื้อเป็นผู้รับผิดชอบค่าใช้จ่ายทุกกรณี ค่าดำเนินการอื่น 5,000 บาท (ไม่รวม Vat) ไม่มีแผ่นป้ายภาษี ผู้ซื้อดำเนินการคัดป้ายใหม่เอง
B39: 1019-1 | C39: Toyota | D39: Hilux Revo | E39: Single Cab | F39: J | G39: E | H39: 155000 | I39: 16000 | J39: 122000 | K39: 2019 | L39: 2ฒว-6303 | M39: กรุงเทพมหานคร | N39: 2019 | O39: 266113 | P39: RWD | Q39: 2.4 | R39: ส้ม | S39: MT | T39: ดีเซล | U39: สุวินทวงศ์
C40: หมายเหตุ: สีไม่ตรงเล่ม เนื่องจากติดสติ๊กเกอร์ ขายตามสภาพ ผู้ซื้อดำเนินการเอง บังคับโอน 2 ต่อ ค่าโอนกรรมสิทธิ์ 3000 บาท กรณีติดอายัดจราจรผู้ซื้อเป็นผู้รับผิดชอบทุกกรณี
B41: 1020 | C41: Honda | D41: CR-V | F41: E | G41: C | H41: 510000 | I41: 17000 | J41: 510000 | K41: 2018 | L41: 6กผ-8241 | M41: กรุงเทพมหานคร | N41: 2018 | O41: 178471 | P41: FWD | Q41: 2.4 | R41: เทา | S41: AT | T41: เบนซิน | U41: สุวินทวงศ์ | V41: Op-เช่า
C42: หมายเหตุ: มีค่าปรับ M-flow 330 บาท โอน 2 ต่อ บังคับโอนผ่านผู้ขาย ค่าโอนกรรมสิทธิ์ 3000 บาท เล่มทะเบียนจัดส่งภายใน 30 วัน หลังการประมูล
B43: 1021 | C43: Toyota | D43: Hilux Revo | E43: Smart Cab | F43: Z Edition Entry | G43: E | H43: 235000 | I43: 19600 | J43: 267000 | K43: 2022 | L43: บย-1012 | M43: สระแก้ว | N43: 2023 | O43: 15613 | P43: RWD | Q43: 2.4 | R43: ขาว | S43: MT | T43: ดีเซล | U43: สุวินทวงศ์ | V43: ถูกยึดคืน
C44: หมายเหตุ: เลขเครื่องเป็นสนิม ขายตามสภาพ ค่าเช็คต้น 100 บาท ภาษีหมดอายุ 10-03-24 ผู้ซื้อต้องดำเนินการต่อภาษีเอง กรณีไม่มีป้ายภาษี ผู้ซื้อต้องรับผิดชอบคัดป้ายใหม่เอง กรณีรถติดอายัดจราจร หรือ มีค่าใช้จ่ายคงค้างจากการใช้ทางด่วน/M-flow ผู้ซื้อเป็นผู้รับผิดชอบค่าใช้จ่ายทุกกรณี
B45: 1022 | C45: Toyota | D45: Corolla Altis | F45: Sport | G45: A | H45: 470000 | I45: 15600 | J45: 548000 | K45: 2023 | L45: จธ-8578 | M45: ชลบุรี | N45: 2023 | O45: 88297 | P45: FWD | Q45: 1.8 | R45: ขาว | S45: AT | T45: เบนซิน | U45: สุวินทวงศ์ | V45: ถูกยึดคืน
C46: หมายเหตุ: ค่าเช็คต้น 100 บาท ภาษีหมดอายุ 28-03-25 ผู้ซื้อต้องดำเนินการต่อภาษีเอง กรณีไม่มีป้ายภาษี ผู้ซื้อต้องรับผิดชอบคัดป้ายใหม่เอง กรณีรถติดอายัดจราจร หรือ มีค่าใช้จ่ายคงค้างจากการใช้ทางด่วน/M-flow ผู้ซื้อเป็นผู้รับผิดชอบค่าใช้จ่ายทุกกรณี
B47: 1023 | C47: Toyota | D47: Hilux Revo | E47: Single Cab | F47: Entry | G47: E | H47: 180000 | I47: 19600 | J47: 280000 | K47: 2020 | L47: บย-3498 | M47: ปราจีนบุรี | N47: 2021 | O47: 287761 | P47: RWD | Q47: 2.8 | R47: ขาว | S47: MT | T47: ดีเซล | U47: สุวินทวงศ์ | V47: ถูกยึดคืน
C48: หมายเหตุ: ค่าเช็คต้น 100 บาท ภาษีหมดอายุ 21-05-24 ผู้ซื้อต้องดำเนินการต่อภาษีเอง กรณีไม่มีป้ายภาษี ผู้ซื้อต้องรับผิดชอบคัดป้ายใหม่เอง กรณีรถติดอายัดจราจร หรือ มีค่าใช้จ่ายคงค้างจากการใช้ทางด่วน/M-flow ผู้ซื้อเป็นผู้รับผิดชอบค่าใช้จ่ายทุกกรณี
B49: 1024 | C49: Toyota | D49: Hilux Revo | E49: Smart Cab | F49: Z Edition Mid | G49: D | H49: 330000 | I49: 19600 | J49: 330000 | K49: 2023 | L49: 3ฒษ-6092 | M49: กรุงเทพมหานคร | N49: 2023 | O49: 4439 | P49: RWD | Q49: 2.4 | R49: ดำ | S49: AT | T49: ดีเซล | U49: สุวินทวงศ์ | V49: ถูกยึดคืน
C50: หมายเหตุ: ค่าเช็คต้น 100 บาท ภาษีหมดอายุ 05-09-25 ผู้ซื้อต้องดำเนินการต่อภาษีเอง กรณีไม่มีป้ายภาษี ผู้ซื้อต้องรับผิดชอบคัดป้ายใหม่เอง กรณีรถติดอายัดจราจร หรือ มีค่าใช้จ่ายคงค้างจากการใช้ทางด่วน/M-flow ผู้ซื้อเป็นผู้รับผิดชอบค่าใช้จ่ายทุกกรณี
B51: 1025 | C51: Toyota | D51: Vios | F51: J | G51: E | H51: 120000 | I51: 15600 | J51: 146000 | K51: 2016 | L51: 5กล-8653 | M51: กรุงเทพมหานคร | N51: 2016 | O51: 231111 | P51: FWD | Q51: 1.5 | R51: เทา | S51: AT | T51: เบนซิน | U51: สุวินทวงศ์ | V51: ถูกยึดคืน
C52: หมายเหตุ: รถลุยน้ำมา ขายตามสภาพ ค่าเช็คต้น 100 บาท ภาษีหมดอายุ 20-12-24 ผู้ซื้อต้องดำเนินการต่อภาษีเอง กรณีไม่มีป้ายภาษี ผู้ซื้อต้องรับผิดชอบคัดป้ายใหม่เอง กรณีรถติดอายัดจราจร หรือ มีค่าใช้จ่ายคงค้างจากการใช้ทางด่วน/M-flow ผู้ซื้อเป็นผู้รับผิดชอบค่าใช้จ่ายทุกกรณี
B53: 1026 | C53: Toyota | D53: Veloz | F53: Premium | G53: A | H53: 465000 | I53: 18400 | J53: 573000 | K53: 2023 | L53: ขร-7423 | M53: ระยอง | N53: 2023 | O53: 20608 | P53: FWD | Q53: 1.5 | R53: เทา | S53: AT | T53: เบนซิน | U53: สุวินทวงศ์ | V53: ถูกยึดคืน
C54: หมายเหตุ: ค่าเช็คต้น 100 บาท ภาษีหมดอายุ 09-11-24 ผู้ซื้อต้องดำเนินการต่อภาษีเอง กรณีไม่มีป้ายภาษี ผู้ซื้อต้องรับผิดชอบคัดป้ายใหม่เอง กรณีรถติดอายัดจราจร หรือ มีค่าใช้จ่ายคงค้างจากการใช้ทางด่วน/M-flow ผู้ซื้อเป็นผู้รับผิดชอบค่าใช้จ่ายทุกกรณี
B55: 1027 | C55: Toyota | D55: Camry | F55: HEV Premium | G55: E | H55: 635000 | I55: 18000 | J55: 720000 | K55: 2020 | L55: 1ขธ-6321 | M55: กรุงเทพมหานคร | N55: 2020 | O55: 108775 | P55: FWD | Q55: 2.5 | R55: ดำ | S55: AT | T55: ไฮบริด | U55: สุวินทวงศ์ | V55: Op-เช่า
C56: หมายเหตุ: มีค่าปรับ M-flow 660 บาท โอนกรรมสิทธิ์ผ่านผู้ขาย ค่าโอน 3000 บาท กรณีไม่มีป้ายภาษี ผู้ซื้อต้องรับผิดชอบคัดป้ายใหม่เอง
B57: 1028 | C57: Toyota | D57: Alphard | F57: HEV | G57: B | H57: 1310000 | I57: 17000 | J57: 0 | K57: 2018 | L57: ขพ-9538 | M57: ระยอง | N57: 2018 | O57: 240784 | P57: FWD | Q57: 2.5 | R57: ขาว | S57: AT | T57: ไฮบริด | U57: สุวินทวงศ์ | V57: Op-เช่า
C58: หมายเหตุ: ผู้ซื้อดำเนินการโอนกรรมสิทธิด้วยตนเอง ค่าเอกสารชุดโอนกรรมสิทธิ์ 2,000 บาท กรณีไม่มีป้ายภาษี ผู้ซื้อต้องรับผิดชอบคัดป้ายใหม่เอง
B59: 1029 | C59: Toyota | D59: Corolla Altis | F59: G | G59: C | H59: 236000 | I59: 15000 | J59: 222000 | K59: 2018 | L59: 7กผ-8503 | M59: กรุงเทพมหานคร | N59: 2018 | O59: 98188 | P59: FWD | Q59: 1.6 | R59: เทา | S59: AT | T59: แก๊ส | U59: สุวินทวงศ์
C60: หมายเหตุ: ติดแก๊สมา ลงเล่มแล้ว ผู้ซื้อต้องทำการโอนกรรมสิทธิ์ 2 ต่อ /ผู้ซื้อต้องดำเนินการโอนภายใน 30 วัน เล่มทะเบียนชุดโอนจัดส่งภายใน 30 วัน หลังการประมูล หากเกินกำหนด ขอเอกสารใหม่ มีค่าใช้จ่าย 1,500 บาท กรณีไม่มีป้ายภาษี ผู้ซื้อต้องรับผิดชอบคัดป้ายใหม่เอง
B61: 1030 | C61: Toyota | D61: Hilux Revo | E61: Smart Cab | F61: Prerunner Mid | G61: D | H61: 550000 | I61: 16900 | J61: 570000 | K61: 2022 | L61: 3ฒย-6748 | M61: กรุงเทพมหานคร | N61: 2023 | O61: 86807 | P61: 4WD | Q61: 2.4 | R61: ขาว | S61: MT | T61: ดีเซล | U61: สุวินทวงศ์
C62: หมายเหตุ: หากเอกสารหมดอายุหรือสูญหาย ขอเอกสารใหม่มีค่าใช้จ่าย 2,000 บาท
B63: 1031 | C63: Toyota | D63: Hilux Revo | E63: Single Cab | F63: J | G63: E | H63: 170000 | I63: 19600 | J63: 168000 | K63: 2018 | L63: 2ฒผ-881 | M63: กรุงเทพมหานคร | N63: 2019 | O63: 310845 | P63: RWD | Q63: 2.4 | R63: ขาว | S63: MT | T63: ดีเซล | U63: สุวินทวงศ์ | V63: ถูกยึดคืน
C64: หมายเหตุ: ค่าเช็คต้น 100 บาท ภาษีหมดอายุ 21-02-25 ผู้ซื้อต้องดำเนินการต่อภาษีเอง กรณีไม่มีป้ายภาษี ผู้ซื้อต้องรับผิดชอบคัดป้ายใหม่เอง กรณีรถติดอายัดจราจร หรือ มีค่าใช้จ่ายคงค้างจากการใช้ทางด่วน/M-flow ผู้ซื้อเป็นผู้รับผิดชอบค่าใช้จ่ายทุกกรณี
B65: 1032 | C65: Toyota | D65: Vios | F65: G | G65: E | H65: 105000 | I65: 18400 | J65: 153000 | K65: 2013 | L65: 3กย-9079 | M65: กรุงเทพมหานคร | N65: 2014 | O65: 187465 | P65: FWD | Q65: 1.5 | R65: ขาว | S65: AT | T65: เบนซิน | U65: สุวินทวงศ์ | V65: ถูกยึดคืน
C66: หมายเหตุ: ค่าเช็คต้น 100 บาท ภาษีหมดอายุ 24-10-25 ผู้ซื้อต้องดำเนินการต่อภาษีเอง กรณีไม่มีป้ายภาษี ผู้ซื้อต้องรับผิดชอบคัดป้ายใหม่เอง กรณีรถติดอายัดจราจร หรือ มีค่าใช้จ่ายคงค้างจากการใช้ทางด่วน/M-flow ผู้ซื้อเป็นผู้รับผิดชอบค่าใช้จ่ายทุกกรณี
B67: 1033 | C67: Toyota | D67: Yaris Ativ | F67: E | G67: B | H67: 130000 | I67: 19600 | J67: 239000 | K67: 2017 | L67: กล-3238 | M67: นครสวรรค์ | N67: 2018 | O67: 83445 | P67: RWD | Q67: 1.2 | R67: ขาว | S67: AT | T67: เบนซิน | U67: สุวินทวงศ์ | V67: ถูกยึดคืน
C68: หมายเหตุ: ค่าเช็คต้น 100 บาท ภาษีหมดอายุ 15-05-25 ผู้ซื้อต้องดำเนินการต่อภาษีเอง กรณีไม่มีป้ายภาษี ผู้ซื้อต้องรับผิดชอบคัดป้ายใหม่เอง กรณีรถติดอายัดจราจร หรือ มีค่าใช้จ่ายคงค้างจากการใช้ทางด่วน/M-flow ผู้ซื้อเป็นผู้รับผิดชอบค่าใช้จ่ายทุกกรณี
B69: 1034 | C69: Toyota | D69: Hilux Revo | E69: Double Cab | F69: Prerunner G | G69: B | H69: 380000 | I69: 19600 | J69: 472000 | K69: 2018 | L69: งธ-3100 | M69: เชียงใหม่ | N69: 2018 | O69: 116774 | P69: RWD | Q69: 2.4 | R69: ขาว | S69: AT | T69: ดีเซล | U69: สุวินทวงศ์ | V69: ถูกยึดคืน
C70: หมายเหตุ: ค่าเช็คต้น 100 บาท ภาษีหมดอายุ 08-06-24 ผู้ซื้อต้องดำเนินการต่อภาษีเอง กรณีไม่มีป้ายภาษี ผู้ซื้อต้องรับผิดชอบคัดป้ายใหม่เอง กรณีรถติดอายัดจราจร หรือ มีค่าใช้จ่ายคงค้างจากการใช้ทางด่วน/M-flow ผู้ซื้อเป็นผู้รับผิดชอบค่าใช้จ่ายทุกกรณี
B71: 1035 | C71: Toyota | D71: Hilux Vigo | E71: Smart Cab | F71: G | G71: F | H71: 124000 | I71: 20600 | J71: 327000 | K71: 2013 | L71: ผจ-46 | M71: สุราษฎร์ธานี | N71: 2014 | O71: 333535 | P71: 4WD | Q71: 3 | R71: ขาว | S71: MT | T71: ดีเซล | U71: สุวินทวงศ์ | V71: ถูกยึดคืน
C72: หมายเหตุ: รถน้ำท่วม ขายตามสภาพ ค่าเช็คต้น 100 บาท ภาษีหมดอายุ 22-09-24 ผู้ซื้อต้องดำเนินการต่อภาษีเอง กรณีไม่มีป้ายภาษี ผู้ซื้อต้องรับผิดชอบคัดป้ายใหม่เอง กรณีรถติดอายัดจราจร หรือ มีค่าใช้จ่ายคงค้างจากการใช้ทางด่วน/M-flow ผู้ซื้อเป็นผู้รับผิดชอบค่าใช้จ่ายทุกกรณี
B73: 1036 | C73: Toyota | D73: Corolla Altis | F73: G | G73: D | H73: 80000 | I73: 15600 | J73: 118000 | K73: 2013 | L73: 2กฌ-2174 | M73: กรุงเทพมหานคร | N73: 2013 | O73: 158638 | P73: FWD | Q73: 1.6 | R73: เทา | S73: AT | T73: เบนซิน | U73: สุวินทวงศ์ | V73: ถูกยึดคืน
C74: หมายเหตุ: ค่าเช็คต้น 100 บาท ภาษีหมดอายุ 18-06-25 ผู้ซื้อต้องดำเนินการต่อภาษีเอง กรณีไม่มีป้ายภาษี ผู้ซื้อต้องรับผิดชอบคัดป้ายใหม่เอง กรณีรถติดอายัดจราจร หรือ มีค่าใช้จ่ายคงค้างจากการใช้ทางด่วน/M-flow ผู้ซื้อเป็นผู้รับผิดชอบค่าใช้จ่ายทุกกรณี
B75: 1037 | C75: Toyota | D75: Hilux Revo | E75: Single Cab | F75: J | G75: E | H75: 155000 | I75: 16000 | J75: 126000 | K75: 2019 | L75: 2ฒว-6291 | M75: กรุงเทพมหานคร | N75: 2019 | O75: 251611 | P75: RWD | Q75: 2.4 | R75: ส้ม | S75: MT | T75: ดีเซล | U75: สุวินทวงศ์
C76: หมายเหตุ: สีไม่ตรงเล่ม เนื่องจากติดสติ๊กเกอร์ ขายตามสภาพ ผู้ซื้อดำเนินการเอง บังคับโอน 2 ต่อ ค่าโอนกรรมสิทธิ์ 3000 บาท กรณีติดอายัดจราจรผู้ซื้อเป็นผู้รับผิดชอบทุกกรณี
B77: 1038 | C77: Toyota | D77: Hilux Revo | E77: Smart Cab | F77: Entry | G77: C | H77: 246000 | I77: 20000 | J77: 254000 | K77: 2021 | L77: 1นค-4075 | M77: กรุงเทพมหานคร | N77: 2021 | O77: 60668 | P77: RWD | Q77: 2.4 | R77: ขาว | S77: MT | T77: ดีเซล | U77: สุวินทวงศ์ | V77: Op-เช่า
C78: หมายเหตุ: รถป้ายฟ้าจดทะเบียน นั่งสองตอนสองแถว(รย.2) ผู้ซื้อต้องทำการยกเลิกการจดทะเบียนและดำเนินการเอง สีไม่ตรงเล่ม ขายตามสภาพ ผู้ซื้อดำเนินการเอง ผู้ซื้อต้องดำเนินการโอนภายใน 45 วัน หากเกินกำหนด ขอเอกสารใหม่ มีค่าใช้จ่าย 2,000 บาท ชำระเงินสด ผู้ขายยกเลิกประกันภัยภาคสมัครใจ และ พรบ. แล้ว กรณีรถติดอายัดในเรื่องของจราจร ผู้ซื้อเป็นผู้รับผิดชอบค่าใช้จ่ายทุกกรณี ค่าดำเนินการอื่น 5,000 บาท (ไม่รวม Vat) ไม่มีแผ่นป้ายภาษี ผู้ซื้อดำเนินการคัดป้ายใหม่เอง
B79: 1039 | C79: Toyota | D79: Commuter | F79: STD | G79: D | H79: 750000 | I79: 18400 | J79: 948000 | K79: 2023 | L79: 1นจ-3042 | M79: กรุงเทพมหานคร | N79: 2023 | O79: 164113 | P79: RWD | Q79: 2.8 | R79: เทา | S79: MT | T79: ดีเซล | U79: สุวินทวงศ์ | V79: ถูกยึดคืน
C80: หมายเหตุ: รถลุยน้ำมา ขายตามสภาพ ค่าเช็คต้น 100 บาท ภาษีหมดอายุ 27-04-25 ผู้ซื้อต้องดำเนินการต่อภาษีเอง กรณีไม่มีป้ายภาษี ผู้ซื้อต้องรับผิดชอบคัดป้ายใหม่เอง กรณีรถติดอายัดจราจร หรือ มีค่าใช้จ่ายคงค้างจากการใช้ทางด่วน/M-flow ผู้ซื้อเป็นผู้รับผิดชอบค่าใช้จ่ายทุกกรณี
B81: 1040 | C81: Toyota | D81: Hilux Revo | E81: Single Cab | F81: Entry | G81: A+ | H81: 304000 | I81: 21600 | J81: 356000 | K81: 2023 | L81: ผพ-6973 | M81: สงขลา | N81: 2023 | O81: 21631 | P81: RWD | Q81: 2.4 | R81: เทา | S81: MT | T81: ดีเซล | U81: สุวินทวงศ์ | V81: ถูกยึดคืน
C82: หมายเหตุ: เลขเครื่องเป็นสนิม ขายตามสภาพ ค่าเช็คต้น 100 บาท ภาษีหมดอายุ 22-09-24 ผู้ซื้อต้องดำเนินการต่อภาษีเอง กรณีไม่มีป้ายภาษี ผู้ซื้อต้องรับผิดชอบคัดป้ายใหม่เอง กรณีรถติดอายัดจราจร หรือ มีค่าใช้จ่ายคงค้างจากการใช้ทางด่วน/M-flow ผู้ซื้อเป็นผู้รับผิดชอบค่าใช้จ่ายทุกกรณี
B83: 1041 | C83: Toyota | D83: Hilux Revo | E83: Double Cab | F83: Prerunner E Plus | G83: E | H83: 320000 | I83: 20100 | J83: 384000 | K83: 2018 | L83: 5กบ-8648 | M83: กรุงเทพมหานคร | N83: 2018 | O83: 90023 | P83: RWD | Q83: 2.4 | R83: ดำ | S83: MT | T83: ดีเซล | U83: สุวินทวงศ์ | V83: ถูกยึดคืน
C84: หมายเหตุ: ค่าเช็คต้น 100 บาท ภาษีหมดอายุ 27-11-23 ผู้ซื้อต้องดำเนินการต่อภาษีเอง กรณีไม่มีป้ายภาษี ผู้ซื้อต้องรับผิดชอบคัดป้ายใหม่เอง กรณีรถติดอายัดจราจร หรือ มีค่าใช้จ่ายคงค้างจากการใช้ทางด่วน/M-flow ผู้ซื้อเป็นผู้รับผิดชอบค่าใช้จ่ายทุกกรณี
B85: 1042 | C85: Toyota | D85: Hilux Revo | E85: Smart Cab | F85: Z Edition Entry | G85: C | H85: 212000 | I85: 19600 | J85: 282000 | K85: 2020 | L85: 3ฒข-9708 | M85: กรุงเทพมหานคร | N85: 2020 | O85: 78826 | P85: RWD | Q85: 2.4 | R85: เทา | S85: MT | T85: ดีเซล | U85: สุวินทวงศ์ | V85: ถูกยึดคืน
C86: หมายเหตุ: ค่าเช็คต้น 100 บาท ภาษีหมดอายุ 24-09-25 ผู้ซื้อต้องดำเนินการต่อภาษีเอง กรณีไม่มีป้ายภาษี ผู้ซื้อต้องรับผิดชอบคัดป้ายใหม่เอง กรณีรถติดอายัดจราจร หรือ มีค่าใช้จ่ายคงค้างจากการใช้ทางด่วน/M-flow ผู้ซื้อเป็นผู้รับผิดชอบค่าใช้จ่ายทุกกรณี
B87: 1043 | C87: Toyota | D87: Yaris Ativ | F87: E | G87: B | H87: 180000 | I87: 18400 | J87: 272000 | K87: 2018 | L87: งน-2809 | M87: ชลบุรี | N87: 2018 | O87: 31457 | P87: FWD | Q87: 1.2 | R87: ขาว | S87: AT | T87: เบนซิน | U87: สุวินทวงศ์ | V87: ถูกยึดคืน
C88: หมายเหตุ: ค่าเช็คต้น 100 บาท ภาษีหมดอายุ 17-10-24 ผู้ซื้อต้องดำเนินการต่อภาษีเอง กรณีไม่มีป้ายภาษี ผู้ซื้อต้องรับผิดชอบคัดป้ายใหม่เอง กรณีรถติดอายัดจราจร หรือ มีค่าใช้จ่ายคงค้างจากการใช้ทางด่วน/M-flow ผู้ซื้อเป็นผู้รับผิดชอบค่าใช้จ่ายทุกกรณี
B89: 1044 | C89: Toyota | D89: Hilux Revo | E89: Double Cab | F89: Z Edition Entry | G89: B | H89: 390000 | I89: 18000 | J89: 380000 | K89: 2023 | L89: 4ขจ-3771 | M89: กรุงเทพมหานคร | N89: 2023 | O89: 75818 | P89: RWD | Q89: 2.4 | R89: เทา | S89: MT | T89: ดีเซล | U89: สุวินทวงศ์ | V89: Op-เช่า
C90: หมายเหตุ: โอนกรรมสิทธิ์ผ่านผู้ขาย ค่าโอน 3000 บาท กรณีไม่มีป้ายภาษี ผู้ซื้อต้องรับผิดชอบคัดป้ายใหม่เอง
B91: 1045 | C91: Toyota | D91: Vios | F91: E | G91: B | H91: 250000 | I91: 18000 | J91: 252000 | K91: 2018 | L91: 7กท-6834 | M91: กรุงเทพมหานคร | N91: 2018 | O91: 117552 | P91: RWD | Q91: 1.5 | R91: เทา | S91: AT | T91: เบนซิน | U91: สุวินทวงศ์ | V91: Op-เช่า
C92: หมายเหตุ: มีค่าปรับ M-flow 330 บาท โอนกรรมสิทธิ์ผ่านผู้ขาย ค่าโอน 3000 บาท กรณีไม่มีป้ายภาษี ผู้ซื้อต้องรับผิดชอบคัดป้ายใหม่เอง
B93: 1046 | C93: Toyota | D93: Camry | F93: HEV Premium | G93: E | H93: 605000 | I93: 18000 | J93: 640000 | K93: 2019 | L93: 9กฉ-5083 | M93: กรุงเทพมหานคร | N93: 2019 | O93: 102522 | P93: FWD | Q93: 2.5 | R93: ดำ | S93: AT | T93: ไฮบริด | U93: สุวินทวงศ์ | V93: Op-เช่า
C94: หมายเหตุ: โอนกรรมสิทธิ์ผ่านผู้ขาย ค่าโอน 3000 บาท กรณีไม่มีป้ายภาษี ผู้ซื้อต้องรับผิดชอบคัดป้ายใหม่เอง
B95: 1047 | C95: Lexus | D95: UX250h | F95: Grand Luxury | G95: A+ | H95: 1692000 | I95: 16000 | J95: 1652000 | K95: 2023 | L95: 4ขฐ-4762 | M95: กรุงเทพมหานคร | N95: 2023 | O95: 9924 | P95: FWD | Q95: 2 | R95: เทา | S95: AT | T95: ไฮบริด | U95: สุวินทวงศ์
C96: หมายเหตุ: ผู้ซื้อต้องทำการโอนกรรมสิทธิ์ 2 ต่อ เล่มทะเบียนชุดโอนจัดส่งภายใน 30 วัน หลังการประมูล หากเอกสารหมดอายุ ขอเอกสารใหม่ มีค่าใช้จ่าย 1,500 บาท กรณีภาษีหมดอายุ ผู้ซื้อต้องต่อภาษีเอง
B97: 1048 | C97: Toyota | D97: Hilux Revo | E97: Smart Cab | F97: Entry | G97: C | H97: 0 | I97: 22800 | J97: 222000 | K97: 2021 | L97: ผน-7080 | M97: อุบลราชธานี | N97: 2022 | O97: 45508 | P97: RWD | Q97: 2.4 | R97: ขาว | S97: MT | T97: ดีเซล | U97: สุวินทวงศ์
C98: หมายเหตุ: แซสซีมีการซ่อมมา แผ่นเพลตยิงมาใหม่ ขายตามสภาพ โอนกรรมสิทธิ์ 2 ต่อ รถติดอายัดจราจรมีใบสั่ง 1 ใบ ปรับ 500 บาท ค่าเช็คต้น 100 บาท ภาษีหมดอายุ 07-02-25 ผู้ซื้อต้องดำเนินการต่อภาษีเอง กรณีรถติดอายัดจราจร หรือ มีค่าใช้จ่ายคงค้างจากการใช้ทางด่วน/M-flow ผู้ซื้อเป็นผู้รับผิดชอบค่าใช้จ่ายทุกกรณี
B99: 1049 | C99: Toyota | D99: Hilux Revo | E99: Double Cab | F99: J Plus | G99: E | H99: 240000 | I99: 19600 | J99: 285000 | K99: 2019 | L99: กษ-1193 | M99: พระนครศรีอยุธยา | N99: 2019 | O99: 100384 | P99: RWD | Q99: 2.4 | R99: แดง | S99: MT | T99: ดีเซล | U99: สุวินทวงศ์ | V99: ถูกยึดคืน
C100: หมายเหตุ: ค่าเช็คต้น 100 บาท ภาษีหมดอายุ 10-10-22 ผู้ซื้อต้องดำเนินการต่อภาษีเอง กรณีไม่มีป้ายภาษี ผู้ซื้อต้องรับผิดชอบคัดป้ายใหม่เอง กรณีรถติดอายัดจราจร หรือ มีค่าใช้จ่ายคงค้างจากการใช้ทางด่วน/M-flow ผู้ซื้อเป็นผู้รับผิดชอบค่าใช้จ่ายทุกกรณี
...

Sheet 03022025
C1: 45691 | D1: 61 | E1: =COUNTA(B:B)-1 -> 61
A2: รูปภาพ | B2: ลำดับที่ | C2: ยี่ห้อ | D2: รุ่น | E2: ประเภทรถกระบะ | F2: รุ่นย่อย | G2: เกรด | H2: ราคาเริ่มต้น (ไม่รวมvat) | I2: ค่าธรรมเนียม (ไม่รวมvat) | J2: ราคาสูงสุด | K2: ปีที่ผลิต | L2: ป้ายทะเบียนรถ | M2: จังหวัด | N2: ปีที่จดทะเบียน | O2: เลขไมล์ (กม.) | P2: ระบบขับเคลื่อน | Q2: ความจุ (CC) | R2: สี | S2: ระบบเกียร์ | T2: เชื้อเพลิง | U2: สถานที่จอดรถ | V2: ประเภทรถประมูล
B3: 1001 | C3: Toyota | D3: Yaris | F3: Sport | G3: A+ | H3: 300000 | I3: 15600 | J3: 382000 | K3: 2023 | L3: 5ขฒ-5892 | M3: กรุงเทพมหานคร | N3: 2024 | O3: 30328 | P3: FWD | Q3: 1.2 | R3: เทา | S3: AT | T3: เบนซิน | U3: สุวินทวงศ์ | V3: ถูกยึดคืน
C4: หมายเหตุ: ค่าเช็คต้น 100 บาท ภาษีหมดอายุ 03-04-25 ผู้ซื้อต้องดำเนินการต่อภาษีเอง กรณีไม่มีป้ายภาษี ผู้ซื้อต้องรับผิดชอบคัดป้ายใหม่เอง กรณีรถติดอายัดจราจร หรือ มีค่าใช้จ่ายคงค้างจากการใช้ทางด่วน/M-flow ผู้ซื้อเป็นผู้รับผิดชอบค่าใช้จ่ายทุกกรณี
B5: 1002 | C5: Toyota | D5: Hilux Revo | E5: Single Cab | F5: Entry | G5: A | H5: 350000 | I5: 19600 | J5: 538000 | K5: 2022 | L5: 3ฒพ-9952 | M5: กรุงเทพมหานคร | N5: 2022 | O5: 10926 | P5: 4WD | Q5: 2.8 | R5: เทา | S5: MT | T5: ดีเซล | U5: สุวินทวงศ์ | V5: ถูกยึดคืน
C6: หมายเหตุ: ค่าเช็คต้น 100 บาท ภาษีหมดอายุ 03-11-24 ผู้ซื้อต้องดำเนินการต่อภาษีเอง กรณีไม่มีป้ายภาษี ผู้ซื้อต้องรับผิดชอบคัดป้ายใหม่เอง กรณีรถติดอายัดจราจร หรือ มีค่าใช้จ่ายคงค้างจากการใช้ทางด่วน/M-flow ผู้ซื้อเป็นผู้รับผิดชอบค่าใช้จ่ายทุกกรณี
B7: 1003 | C7: Toyota | D7: Hilux Revo | E7: Double Cab | F7: Z Edition Entry | G7: B | H7: 300000 | I7: 18900 | J7: 354000 | K7: 2021 | L7: กน-6131 | M7: ปราจีนบุรี | N7: 2021 | O7: 78151 | P7: RWD | Q7: 2.4 | R7: ขาว | S7: MT | T7: ดีเซล | U7: สุวินทวงศ์ | V7: ถูกยึดคืน
C8: หมายเหตุ: ค่าเช็คต้น 100 บาท ภาษีหมดอายุ 17-09-22 ผู้ซื้อต้องดำเนินการต่อภาษีเอง กรณีไม่มีป้ายภาษี ผู้ซื้อต้องรับผิดชอบคัดป้ายใหม่เอง กรณีรถติดอายัดจราจร หรือ มีค่าใช้จ่ายคงค้างจากการใช้ทางด่วน/M-flow ผู้ซื้อเป็นผู้รับผิดชอบค่าใช้จ่ายทุกกรณี
B9: 1004 | C9: Toyota | D9: Camry | F9: Hybrid | G9: C | H9: 430000 | I9: 19600 | J9: 672000 | K9: 2018 | L9: 8กณ-2110 | M9: กรุงเทพมหานคร | N9: 2019 | O9: 153822 | P9: FWD | Q9: 2.5 | R9: ดำ | S9: AT | T9: ไฮบริด | U9: สุวินทวงศ์ | V9: ถูกยึดคืน
C10: หมายเหตุ: ค่าเช็คต้น 100 บาท ภาษีหมดอายุ 18-02-24 ผู้ซื้อต้องดำเนินการต่อภาษีเอง กรณีไม่มีป้ายภาษี ผู้ซื้อต้องรับผิดชอบคัดป้ายใหม่เอง กรณีรถติดอายัดจราจร หรือ มีค่าใช้จ่ายคงค้างจากการใช้ทางด่วน/M-flow ผู้ซื้อเป็นผู้รับผิดชอบค่าใช้จ่ายทุกกรณี
B11: 1005 | C11: Toyota | D11: Hilux Revo | E11: Smart Cab | F11: Z Edition Entry | G11: B | H11: 320000 | I11: 15600 | J11: 400000 | K11: 2023 | L11: 3ฒอ-3444 | M11: กรุงเทพมหานคร | N11: 2024 | O11: 1131 | P11: RWD | Q11: 2.4 | R11: เทา | S11: AT | T11: ดีเซล | U11: สุวินทวงศ์ | V11: ถูกยึดคืน
C12: หมายเหตุ: ค่าเช็คต้น 100 บาท ภาษีหมดอายุ 27-03-25 ผู้ซื้อต้องดำเนินการต่อภาษีเอง กรณีไม่มีป้ายภาษี ผู้ซื้อต้องรับผิดชอบคัดป้ายใหม่เอง กรณีรถติดอายัดจราจร หรือ มีค่าใช้จ่ายคงค้างจากการใช้ทางด่วน/M-flow ผู้ซื้อเป็นผู้รับผิดชอบค่าใช้จ่ายทุกกรณี
B13: 1006 | C13: Toyota | D13: Corolla Cross | F13: Hybrid Premium Safety | G13: B | H13: 620000 | I13: 18400 | J13: 748000 | K13: 2020 | L13: ขธ-9536 | M13: ระยอง | N13: 2021 | O13: 49861 | P13: FWD | Q13: 1.8 | R13: ขาว | S13: AT | T13: ไฮบริด | U13: สุวินทวงศ์ | V13: ถูกยึดคืน
C14: หมายเหตุ: ค่าเช็คต้น 100 บาท ภาษีหมดอายุ 28-05-25 ผู้ซื้อต้องดำเนินการต่อภาษีเอง กรณีไม่มีป้ายภาษี ผู้ซื้อต้องรับผิดชอบคัดป้ายใหม่เอง กรณีรถติดอายัดจราจร หรือ มีค่าใช้จ่ายคงค้างจากการใช้ทางด่วน/M-flow ผู้ซื้อเป็นผู้รับผิดชอบค่าใช้จ่ายทุกกรณี
